po_id,supplier_id,product_id,department,order_date,promised_date,actual_delivery_date,ordered_qty,received_qty,ordered_cost,on_time_flag,in_full_flag,otif_flag
PO00001,SUP01,SKU0001,Menswear,2024-07-01,2024-07-22,2024-07-16,116,116,1560.2,True,True,True
PO00002,SUP01,SKU0001,Menswear,2024-07-22,2024-08-12,2024-08-03,113,110,1519.85,True,True,True
PO00003,SUP01,SKU0001,Menswear,2024-08-12,2024-09-02,2024-08-29,115,114,1546.75,True,True,True
PO00004,SUP01,SKU0001,Menswear,2024-09-02,2024-09-23,2024-09-23,102,102,1371.9,True,True,True
PO00005,SUP01,SKU0001,Menswear,2024-09-23,2024-10-14,2024-10-14,111,111,1492.95,True,True,True
PO00006,SUP01,SKU0001,Menswear,2024-10-14,2024-11-04,2024-11-03,93,91,1250.85,True,True,True
PO00007,SUP01,SKU0001,Menswear,2024-11-04,2024-11-25,2024-11-22,118,116,1587.1,True,True,True
PO00008,SUP01,SKU0001,Menswear,2024-11-25,2024-12-16,2024-12-17,98,97,1318.1,False,True,False
PO00009,SUP01,SKU0001,Menswear,2024-12-16,2025-01-06,2025-01-02,116,116,1560.2,True,True,True
PO00010,SUP01,SKU0001,Menswear,2025-01-06,2025-01-27,2025-01-26,85,85,1143.25,True,True,True
PO00011,SUP01,SKU0001,Menswear,2025-01-27,2025-02-17,2025-02-13,115,113,1546.75,True,True,True
PO00012,SUP01,SKU0001,Menswear,2025-02-17,2025-03-10,2025-03-10,99,99,1331.55,True,True,True
PO00013,SUP01,SKU0001,Menswear,2025-03-10,2025-03-31,2025-03-26,89,87,1197.05,True,True,True
PO00014,SUP01,SKU0001,Menswear,2025-03-31,2025-04-21,2025-04-21,112,112,1506.4,True,True,True
PO00015,SUP01,SKU0001,Menswear,2025-04-21,2025-05-12,2025-05-10,118,117,1587.1,True,True,True
PO00016,SUP01,SKU0001,Menswear,2025-05-12,2025-06-02,2025-06-02,96,95,1291.2,True,True,True
PO00017,SUP01,SKU0001,Menswear,2025-06-02,2025-06-23,2025-06-21,92,91,1237.4,True,True,True
PO00018,SUP01,SKU0001,Menswear,2025-06-23,2025-07-14,2025-07-06,111,109,1492.95,True,True,True
PO00019,SUP01,SKU0001,Menswear,2025-07-14,2025-08-04,2025-07-30,103,102,1385.35,True,True,True
PO00020,SUP01,SKU0001,Menswear,2025-08-04,2025-08-25,2025-08-19,88,88,1183.6,True,True,True
PO00021,SUP01,SKU0001,Menswear,2025-08-25,2025-09-15,2025-09-11,107,106,1439.15,True,True,True
PO00022,SUP01,SKU0001,Menswear,2025-09-15,2025-10-06,2025-10-06,107,107,1439.15,True,True,True
PO00023,SUP01,SKU0001,Menswear,2025-10-06,2025-10-27,2025-10-23,85,85,1143.25,True,True,True
PO00024,SUP01,SKU0001,Menswear,2025-10-27,2025-11-17,2025-11-10,101,98,1358.45,True,True,True
PO00025,SUP01,SKU0001,Menswear,2025-11-17,2025-12-08,2025-12-07,86,85,1156.7,True,True,True
PO00026,SUP01,SKU0001,Menswear,2025-12-08,2025-12-29,2025-12-25,111,110,1492.95,True,True,True
PO00027,SUP01,SKU0001,Menswear,2025-12-29,2026-01-19,2026-01-15,111,111,1492.95,True,True,True
PO00028,SUP01,SKU0001,Menswear,2026-01-19,2026-02-09,2026-02-05,91,90,1223.95,True,True,True
PO00029,SUP01,SKU0001,Menswear,2026-02-09,2026-03-02,2026-03-01,114,112,1533.3,True,True,True
PO00030,SUP01,SKU0001,Menswear,2026-03-02,2026-03-23,2026-03-22,105,105,1412.25,True,True,True
PO00031,SUP01,SKU0001,Menswear,2026-03-23,2026-04-13,2026-04-10,102,100,1371.9,True,True,True
PO00032,SUP01,SKU0001,Menswear,2026-04-13,2026-05-04,2026-04-26,110,107,1479.5,True,True,True
PO00033,SUP01,SKU0001,Menswear,2026-05-04,2026-05-25,2026-05-19,88,88,1183.6,True,True,True
PO00034,SUP01,SKU0001,Menswear,2026-05-25,2026-06-15,2026-06-11,113,113,1519.85,True,True,True
PO00035,SUP01,SKU0001,Menswear,2026-06-15,2026-07-06,2026-07-06,116,113,1560.2,True,True,True
PO00036,SUP01,SKU0002,Menswear,2024-07-01,2024-07-22,2024-07-16,68,67,892.84,True,True,True
PO00037,SUP01,SKU0002,Menswear,2024-07-22,2024-08-12,2024-08-03,73,73,958.49,True,True,True
PO00038,SUP01,SKU0002,Menswear,2024-08-12,2024-09-02,2024-08-28,77,75,1011.01,True,True,True
PO00039,SUP01,SKU0002,Menswear,2024-09-02,2024-09-23,2024-09-19,82,81,1076.66,True,True,True
PO00040,SUP01,SKU0002,Menswear,2024-09-23,2024-10-14,2024-10-16,78,77,1024.14,False,True,False
PO00041,SUP01,SKU0002,Menswear,2024-10-14,2024-11-04,2024-11-02,62,62,814.06,True,True,True
PO00042,SUP01,SKU0002,Menswear,2024-11-04,2024-11-25,2024-11-25,74,74,971.62,True,True,True
PO00043,SUP01,SKU0002,Menswear,2024-11-25,2024-12-16,2024-12-09,63,62,827.19,True,True,True
PO00044,SUP01,SKU0002,Menswear,2024-12-16,2025-01-06,2025-01-02,87,84,1142.31,True,True,True
PO00045,SUP01,SKU0002,Menswear,2025-01-06,2025-01-27,2025-01-24,77,75,1011.01,True,True,True
PO00046,SUP01,SKU0002,Menswear,2025-01-27,2025-02-17,2025-02-16,74,74,971.62,True,True,True
PO00047,SUP01,SKU0002,Menswear,2025-02-17,2025-03-10,2025-03-17,74,74,971.62,False,True,False
PO00048,SUP01,SKU0002,Menswear,2025-03-10,2025-03-31,2025-03-21,77,77,1011.01,True,True,True
PO00049,SUP01,SKU0002,Menswear,2025-03-31,2025-04-21,2025-04-17,69,68,905.97,True,True,True
PO00050,SUP01,SKU0002,Menswear,2025-04-21,2025-05-12,2025-05-12,60,60,787.8,True,True,True
PO00051,SUP01,SKU0002,Menswear,2025-05-12,2025-06-02,2025-05-27,64,62,840.32,True,True,True
PO00052,SUP01,SKU0002,Menswear,2025-06-02,2025-06-23,2025-06-20,80,80,1050.4,True,True,True
PO00053,SUP01,SKU0002,Menswear,2025-06-23,2025-07-14,2025-07-14,83,82,1089.79,True,True,True
PO00054,SUP01,SKU0002,Menswear,2025-07-14,2025-08-04,2025-07-29,66,65,866.58,True,True,True
PO00055,SUP01,SKU0002,Menswear,2025-08-04,2025-08-25,2025-08-20,71,71,932.23,True,True,True
PO00056,SUP01,SKU0002,Menswear,2025-08-25,2025-09-15,2025-09-15,69,69,905.97,True,True,True
PO00057,SUP01,SKU0002,Menswear,2025-09-15,2025-10-06,2025-10-03,75,74,984.75,True,True,True
PO00058,SUP01,SKU0002,Menswear,2025-10-06,2025-10-27,2025-10-23,64,62,840.32,True,True,True
PO00059,SUP01,SKU0002,Menswear,2025-10-27,2025-11-17,2025-11-15,89,89,1168.57,True,True,True
PO00060,SUP01,SKU0002,Menswear,2025-11-17,2025-12-08,2025-12-05,86,86,1129.18,True,True,True
PO00061,SUP01,SKU0002,Menswear,2025-12-08,2025-12-29,2025-12-27,69,68,905.97,True,True,True
PO00062,SUP01,SKU0002,Menswear,2025-12-29,2026-01-19,2026-01-18,71,71,932.23,True,True,True
PO00063,SUP01,SKU0002,Menswear,2026-01-19,2026-02-09,2026-02-02,67,65,879.71,True,True,True
PO00064,SUP01,SKU0002,Menswear,2026-02-09,2026-03-02,2026-03-05,63,62,827.19,False,True,False
PO00065,SUP01,SKU0002,Menswear,2026-03-02,2026-03-23,2026-03-25,65,63,853.45,False,True,False
PO00066,SUP01,SKU0002,Menswear,2026-03-23,2026-04-13,2026-04-13,69,68,905.97,True,True,True
PO00067,SUP01,SKU0002,Menswear,2026-04-13,2026-05-04,2026-05-01,75,75,984.75,True,True,True
PO00068,SUP01,SKU0002,Menswear,2026-05-04,2026-05-25,2026-05-23,66,66,866.58,True,True,True
PO00069,SUP01,SKU0002,Menswear,2026-05-25,2026-06-15,2026-06-12,63,62,827.19,True,True,True
PO00070,SUP01,SKU0002,Menswear,2026-06-15,2026-07-06,2026-06-30,77,76,1011.01,True,True,True
PO00071,SUP01,SKU0003,Menswear,2024-07-01,2024-07-22,2024-07-15,162,160,2170.8,True,True,True
PO00072,SUP01,SKU0003,Menswear,2024-07-22,2024-08-12,2024-08-11,127,125,1701.8,True,True,True
PO00073,SUP01,SKU0003,Menswear,2024-08-12,2024-09-02,2024-09-02,138,138,1849.2,True,True,True
PO00074,SUP01,SKU0003,Menswear,2024-09-02,2024-09-23,2024-09-20,177,173,2371.8,True,True,True
PO00075,SUP01,SKU0003,Menswear,2024-09-23,2024-10-14,2024-10-12,121,120,1621.4,True,True,True
PO00076,SUP01,SKU0003,Menswear,2024-10-14,2024-11-04,2024-11-02,126,125,1688.4,True,True,True
PO00077,SUP01,SKU0003,Menswear,2024-11-04,2024-11-25,2024-11-28,177,173,2371.8,False,True,False
PO00078,SUP01,SKU0003,Menswear,2024-11-25,2024-12-16,2024-12-08,168,165,2251.2,True,True,True
PO00079,SUP01,SKU0003,Menswear,2024-12-16,2025-01-06,2025-01-07,121,118,1621.4,False,True,False
PO00080,SUP01,SKU0003,Menswear,2025-01-06,2025-01-27,2025-01-17,167,165,2237.8,True,True,True
PO00081,SUP01,SKU0003,Menswear,2025-01-27,2025-02-17,2025-02-13,156,152,2090.4,True,True,True
PO00082,SUP01,SKU0003,Menswear,2025-02-17,2025-03-10,2025-03-01,159,154,2130.6,True,True,True
PO00083,SUP01,SKU0003,Menswear,2025-03-10,2025-03-31,2025-03-24,134,130,1795.6,True,True,True
PO00084,SUP01,SKU0003,Menswear,2025-03-31,2025-04-21,2025-04-28,168,163,2251.2,False,True,False
PO00085,SUP01,SKU0003,Menswear,2025-04-21,2025-05-12,2025-05-11,155,155,2077.0,True,True,True
PO00086,SUP01,SKU0003,Menswear,2025-05-12,2025-06-02,2025-05-30,138,138,1849.2,True,True,True
PO00087,SUP01,SKU0003,Menswear,2025-06-02,2025-06-23,2025-06-19,129,127,1728.6,True,True,True
PO00088,SUP01,SKU0003,Menswear,2025-06-23,2025-07-14,2025-07-11,126,124,1688.4,True,True,True
PO00089,SUP01,SKU0003,Menswear,2025-07-14,2025-08-04,2025-07-31,130,130,1742.0,True,True,True
PO00090,SUP01,SKU0003,Menswear,2025-08-04,2025-08-25,2025-08-23,160,159,2144.0,True,True,True
PO00091,SUP01,SKU0003,Menswear,2025-08-25,2025-09-15,2025-09-13,150,147,2010.0,True,True,True
PO00092,SUP01,SKU0003,Menswear,2025-09-15,2025-10-06,2025-10-03,122,122,1634.8,True,True,True
PO00093,SUP01,SKU0003,Menswear,2025-10-06,2025-10-27,2025-10-26,154,151,2063.6,True,True,True
PO00094,SUP01,SKU0003,Menswear,2025-10-27,2025-11-17,2025-11-15,142,138,1902.8,True,True,True
PO00095,SUP01,SKU0003,Menswear,2025-11-17,2025-12-08,2025-12-06,170,170,2278.0,True,True,True
PO00096,SUP01,SKU0003,Menswear,2025-12-08,2025-12-29,2025-12-29,125,125,1675.0,True,True,True
PO00097,SUP01,SKU0003,Menswear,2025-12-29,2026-01-19,2026-01-15,178,177,2385.2,True,True,True
PO00098,SUP01,SKU0003,Menswear,2026-01-19,2026-02-09,2026-02-05,158,156,2117.2,True,True,True
PO00099,SUP01,SKU0003,Menswear,2026-02-09,2026-03-02,2026-02-28,152,152,2036.8,True,True,True
PO00100,SUP01,SKU0003,Menswear,2026-03-02,2026-03-23,2026-03-20,147,146,1969.8,True,True,True
PO00101,SUP01,SKU0003,Menswear,2026-03-23,2026-04-13,2026-04-09,135,130,1809.0,True,True,True
PO00102,SUP01,SKU0003,Menswear,2026-04-13,2026-05-04,2026-05-07,145,140,1943.0,False,True,False
PO00103,SUP01,SKU0003,Menswear,2026-05-04,2026-05-25,2026-05-21,141,139,1889.4,True,True,True
PO00104,SUP01,SKU0003,Menswear,2026-05-25,2026-06-15,2026-06-11,161,161,2157.4,True,True,True
PO00105,SUP01,SKU0003,Menswear,2026-06-15,2026-07-06,2026-07-09,174,174,2331.6,False,True,False
PO00106,SUP01,SKU0004,Menswear,2024-07-01,2024-07-22,2024-07-25,106,106,1281.54,False,True,False
PO00107,SUP01,SKU0004,Menswear,2024-07-22,2024-08-12,2024-08-08,117,116,1414.53,True,True,True
PO00108,SUP01,SKU0004,Menswear,2024-08-12,2024-09-02,2024-09-02,96,93,1160.64,True,True,True
PO00109,SUP01,SKU0004,Menswear,2024-09-02,2024-09-23,2024-09-20,113,113,1366.17,True,True,True
PO00110,SUP01,SKU0004,Menswear,2024-09-23,2024-10-14,2024-10-17,87,87,1051.83,False,True,False
PO00111,SUP01,SKU0004,Menswear,2024-10-14,2024-11-04,2024-11-01,123,120,1487.07,True,True,True
PO00112,SUP01,SKU0004,Menswear,2024-11-04,2024-11-25,2024-11-27,117,117,1414.53,False,True,False
PO00113,SUP01,SKU0004,Menswear,2024-11-25,2024-12-16,2024-12-10,117,116,1414.53,True,True,True
PO00114,SUP01,SKU0004,Menswear,2024-12-16,2025-01-06,2025-01-01,108,107,1305.72,True,True,True
PO00115,SUP01,SKU0004,Menswear,2025-01-06,2025-01-27,2025-01-27,107,102,1293.63,True,True,True
PO00116,SUP01,SKU0004,Menswear,2025-01-27,2025-02-17,2025-02-15,105,105,1269.45,True,True,True
PO00117,SUP01,SKU0004,Menswear,2025-02-17,2025-03-10,2025-02-28,104,102,1257.36,True,True,True
PO00118,SUP01,SKU0004,Menswear,2025-03-10,2025-03-31,2025-03-23,89,89,1076.01,True,True,True
PO00119,SUP01,SKU0004,Menswear,2025-03-31,2025-04-21,2025-04-21,111,109,1341.99,True,True,True
PO00120,SUP01,SKU0004,Menswear,2025-04-21,2025-05-12,2025-05-12,112,111,1354.08,True,True,True
PO00121,SUP01,SKU0004,Menswear,2025-05-12,2025-06-02,2025-05-31,116,113,1402.44,True,True,True
PO00122,SUP01,SKU0004,Menswear,2025-06-02,2025-06-23,2025-06-20,97,97,1172.73,True,True,True
PO00123,SUP01,SKU0004,Menswear,2025-06-23,2025-07-14,2025-07-08,123,122,1487.07,True,True,True
PO00124,SUP01,SKU0004,Menswear,2025-07-14,2025-08-04,2025-07-30,114,111,1378.26,True,True,True
PO00125,SUP01,SKU0004,Menswear,2025-08-04,2025-08-25,2025-08-25,116,115,1402.44,True,True,True
PO00126,SUP01,SKU0004,Menswear,2025-08-25,2025-09-15,2025-09-15,125,125,1511.25,True,True,True
PO00127,SUP01,SKU0004,Menswear,2025-09-15,2025-10-06,2025-10-11,88,87,1063.92,False,True,False
PO00128,SUP01,SKU0004,Menswear,2025-10-06,2025-10-27,2025-10-29,89,87,1076.01,False,True,False
PO00129,SUP01,SKU0004,Menswear,2025-10-27,2025-11-17,2025-11-18,84,81,1015.56,False,True,False
PO00130,SUP01,SKU0004,Menswear,2025-11-17,2025-12-08,2025-11-30,96,94,1160.64,True,True,True
PO00131,SUP01,SKU0004,Menswear,2025-12-08,2025-12-29,2025-12-28,96,95,1160.64,True,True,True
PO00132,SUP01,SKU0004,Menswear,2025-12-29,2026-01-19,2026-01-08,88,87,1063.92,True,True,True
PO00133,SUP01,SKU0004,Menswear,2026-01-19,2026-02-09,2026-02-08,95,95,1148.55,True,True,True
PO00134,SUP01,SKU0004,Menswear,2026-02-09,2026-03-02,2026-02-25,125,124,1511.25,True,True,True
PO00135,SUP01,SKU0004,Menswear,2026-03-02,2026-03-23,2026-03-21,87,87,1051.83,True,True,True
PO00136,SUP01,SKU0004,Menswear,2026-03-23,2026-04-13,2026-04-10,94,93,1136.46,True,True,True
PO00137,SUP01,SKU0004,Menswear,2026-04-13,2026-05-04,2026-04-30,92,92,1112.28,True,True,True
PO00138,SUP01,SKU0004,Menswear,2026-05-04,2026-05-25,2026-05-22,85,85,1027.65,True,True,True
PO00139,SUP01,SKU0004,Menswear,2026-05-25,2026-06-15,2026-06-08,109,105,1317.81,True,True,True
PO00140,SUP01,SKU0004,Menswear,2026-06-15,2026-07-06,2026-07-01,119,119,1438.71,True,True,True
PO00141,SUP01,SKU0005,Menswear,2024-07-01,2024-07-22,2024-07-20,175,175,2257.5,True,True,True
PO00142,SUP01,SKU0005,Menswear,2024-07-22,2024-08-12,2024-08-09,170,170,2193.0,True,True,True
PO00143,SUP01,SKU0005,Menswear,2024-08-12,2024-09-02,2024-08-28,157,154,2025.3,True,True,True
PO00144,SUP01,SKU0005,Menswear,2024-09-02,2024-09-23,2024-09-17,164,161,2115.6,True,True,True
PO00145,SUP01,SKU0005,Menswear,2024-09-23,2024-10-14,2024-10-17,162,157,2089.8,False,True,False
PO00146,SUP01,SKU0005,Menswear,2024-10-14,2024-11-04,2024-10-29,123,123,1586.7,True,True,True
PO00147,SUP01,SKU0005,Menswear,2024-11-04,2024-11-25,2024-11-16,173,173,2231.7,True,True,True
PO00148,SUP01,SKU0005,Menswear,2024-11-25,2024-12-16,2024-12-12,125,122,1612.5,True,True,True
PO00149,SUP01,SKU0005,Menswear,2024-12-16,2025-01-06,2025-01-05,147,145,1896.3,True,True,True
PO00150,SUP01,SKU0005,Menswear,2025-01-06,2025-01-27,2025-01-26,154,154,1986.6,True,True,True
PO00151,SUP01,SKU0005,Menswear,2025-01-27,2025-02-17,2025-02-09,138,138,1780.2,True,True,True
PO00152,SUP01,SKU0005,Menswear,2025-02-17,2025-03-10,2025-03-10,158,157,2038.2,True,True,True
PO00153,SUP01,SKU0005,Menswear,2025-03-10,2025-03-31,2025-03-30,150,150,1935.0,True,True,True
PO00154,SUP01,SKU0005,Menswear,2025-03-31,2025-04-21,2025-04-19,127,126,1638.3,True,True,True
PO00155,SUP01,SKU0005,Menswear,2025-04-21,2025-05-12,2025-05-07,138,137,1780.2,True,True,True
PO00156,SUP01,SKU0005,Menswear,2025-05-12,2025-06-02,2025-06-01,158,154,2038.2,True,True,True
PO00157,SUP01,SKU0005,Menswear,2025-06-02,2025-06-23,2025-06-13,133,129,1715.7,True,True,True
PO00158,SUP01,SKU0005,Menswear,2025-06-23,2025-07-14,2025-07-10,122,122,1573.8,True,True,True
PO00159,SUP01,SKU0005,Menswear,2025-07-14,2025-08-04,2025-07-29,133,132,1715.7,True,True,True
PO00160,SUP01,SKU0005,Menswear,2025-08-04,2025-08-25,2025-08-22,162,161,2089.8,True,True,True
PO00161,SUP01,SKU0005,Menswear,2025-08-25,2025-09-15,2025-09-11,138,138,1780.2,True,True,True
PO00162,SUP01,SKU0005,Menswear,2025-09-15,2025-10-06,2025-10-04,145,145,1870.5,True,True,True
PO00163,SUP01,SKU0005,Menswear,2025-10-06,2025-10-27,2025-10-29,150,149,1935.0,False,True,False
PO00164,SUP01,SKU0005,Menswear,2025-10-27,2025-11-17,2025-11-14,175,173,2257.5,True,True,True
PO00165,SUP01,SKU0005,Menswear,2025-11-17,2025-12-08,2025-12-07,167,163,2154.3,True,True,True
PO00166,SUP01,SKU0005,Menswear,2025-12-08,2025-12-29,2025-12-29,149,149,1922.1,True,True,True
PO00167,SUP01,SKU0005,Menswear,2025-12-29,2026-01-19,2026-01-18,170,168,2193.0,True,True,True
PO00168,SUP01,SKU0005,Menswear,2026-01-19,2026-02-09,2026-02-05,140,140,1806.0,True,True,True
PO00169,SUP01,SKU0005,Menswear,2026-02-09,2026-03-02,2026-02-26,164,157,2115.6,True,True,True
PO00170,SUP01,SKU0005,Menswear,2026-03-02,2026-03-23,2026-03-24,171,171,2205.9,False,True,False
PO00171,SUP01,SKU0005,Menswear,2026-03-23,2026-04-13,2026-04-05,156,148,2012.4,True,False,False
PO00172,SUP01,SKU0005,Menswear,2026-04-13,2026-05-04,2026-05-09,177,176,2283.3,False,True,False
PO00173,SUP01,SKU0005,Menswear,2026-05-04,2026-05-25,2026-05-24,138,133,1780.2,True,True,True
PO00174,SUP01,SKU0005,Menswear,2026-05-25,2026-06-15,2026-06-13,143,141,1844.7,True,True,True
PO00175,SUP01,SKU0005,Menswear,2026-06-15,2026-07-06,2026-07-05,132,132,1702.8,True,True,True
PO00176,SUP01,SKU0006,Womenswear,2024-07-01,2024-07-22,2024-07-22,129,129,1318.38,True,True,True
PO00177,SUP01,SKU0006,Womenswear,2024-07-22,2024-08-12,2024-08-06,153,153,1563.66,True,True,True
PO00178,SUP01,SKU0006,Womenswear,2024-08-12,2024-09-02,2024-09-03,128,126,1308.16,False,True,False
PO00179,SUP01,SKU0006,Womenswear,2024-09-02,2024-09-23,2024-09-21,124,123,1267.28,True,True,True
PO00180,SUP01,SKU0006,Womenswear,2024-09-23,2024-10-14,2024-10-10,148,144,1512.56,True,True,True
PO00181,SUP01,SKU0006,Womenswear,2024-10-14,2024-11-04,2024-11-03,174,168,1778.28,True,True,True
PO00182,SUP01,SKU0006,Womenswear,2024-11-04,2024-11-25,2024-11-21,137,137,1400.14,True,True,True
PO00183,SUP01,SKU0006,Womenswear,2024-11-25,2024-12-16,2024-12-11,149,144,1522.78,True,True,True
PO00184,SUP01,SKU0006,Womenswear,2024-12-16,2025-01-06,2025-01-04,170,168,1737.4,True,True,True
PO00185,SUP01,SKU0006,Womenswear,2025-01-06,2025-01-27,2025-01-24,160,159,1635.2,True,True,True
PO00186,SUP01,SKU0006,Womenswear,2025-01-27,2025-02-17,2025-02-17,141,141,1441.02,True,True,True
PO00187,SUP01,SKU0006,Womenswear,2025-02-17,2025-03-10,2025-03-09,170,169,1737.4,True,True,True
PO00188,SUP01,SKU0006,Womenswear,2025-03-10,2025-03-31,2025-03-28,171,169,1747.62,True,True,True
PO00189,SUP01,SKU0006,Womenswear,2025-03-31,2025-04-21,2025-04-15,155,151,1584.1,True,True,True
PO00190,SUP01,SKU0006,Womenswear,2025-04-21,2025-05-12,2025-05-08,149,146,1522.78,True,True,True
PO00191,SUP01,SKU0006,Womenswear,2025-05-12,2025-06-02,2025-06-01,143,142,1461.46,True,True,True
PO00192,SUP01,SKU0006,Womenswear,2025-06-02,2025-06-23,2025-06-23,130,130,1328.6,True,True,True
PO00193,SUP01,SKU0006,Womenswear,2025-06-23,2025-07-14,2025-07-09,121,121,1236.62,True,True,True
PO00194,SUP01,SKU0006,Womenswear,2025-07-14,2025-08-04,2025-07-27,138,136,1410.36,True,True,True
PO00195,SUP01,SKU0006,Womenswear,2025-08-04,2025-08-25,2025-08-19,136,135,1389.92,True,True,True
PO00196,SUP01,SKU0006,Womenswear,2025-08-25,2025-09-15,2025-09-16,178,178,1819.16,False,True,False
PO00197,SUP01,SKU0006,Womenswear,2025-09-15,2025-10-06,2025-10-05,165,157,1686.3,True,True,True
PO00198,SUP01,SKU0006,Womenswear,2025-10-06,2025-10-27,2025-10-23,177,172,1808.94,True,True,True
PO00199,SUP01,SKU0006,Womenswear,2025-10-27,2025-11-17,2025-11-20,126,123,1287.72,False,True,False
PO00200,SUP01,SKU0006,Womenswear,2025-11-17,2025-12-08,2025-12-06,153,153,1563.66,True,True,True
PO00201,SUP01,SKU0006,Womenswear,2025-12-08,2025-12-29,2025-12-27,179,179,1829.38,True,True,True
PO00202,SUP01,SKU0006,Womenswear,2025-12-29,2026-01-19,2026-01-15,164,158,1676.08,True,True,True
PO00203,SUP01,SKU0006,Womenswear,2026-01-19,2026-02-09,2026-02-05,122,120,1246.84,True,True,True
PO00204,SUP01,SKU0006,Womenswear,2026-02-09,2026-03-02,2026-02-28,179,172,1829.38,True,True,True
PO00205,SUP01,SKU0006,Womenswear,2026-03-02,2026-03-23,2026-03-18,144,144,1471.68,True,True,True
PO00206,SUP01,SKU0006,Womenswear,2026-03-23,2026-04-13,2026-04-08,153,153,1563.66,True,True,True
PO00207,SUP01,SKU0006,Womenswear,2026-04-13,2026-05-04,2026-05-03,169,163,1727.18,True,True,True
PO00208,SUP01,SKU0006,Womenswear,2026-05-04,2026-05-25,2026-05-19,122,121,1246.84,True,True,True
PO00209,SUP01,SKU0006,Womenswear,2026-05-25,2026-06-15,2026-06-14,162,158,1655.64,True,True,True
PO00210,SUP01,SKU0006,Womenswear,2026-06-15,2026-07-06,2026-07-06,164,163,1676.08,True,True,True
PO00211,SUP01,SKU0007,Womenswear,2024-07-01,2024-07-22,2024-07-24,134,132,1680.36,False,True,False
PO00212,SUP01,SKU0007,Womenswear,2024-07-22,2024-08-12,2024-08-10,120,118,1504.8,True,True,True
PO00213,SUP01,SKU0007,Womenswear,2024-08-12,2024-09-02,2024-08-29,121,119,1517.34,True,True,True
PO00214,SUP01,SKU0007,Womenswear,2024-09-02,2024-09-23,2024-09-17,160,153,2006.4,True,True,True
PO00215,SUP01,SKU0007,Womenswear,2024-09-23,2024-10-14,2024-10-19,140,138,1755.6,False,True,False
PO00216,SUP01,SKU0007,Womenswear,2024-10-14,2024-11-04,2024-10-31,155,153,1943.7,True,True,True
PO00217,SUP01,SKU0007,Womenswear,2024-11-04,2024-11-25,2024-11-19,173,173,2169.42,True,True,True
PO00218,SUP01,SKU0007,Womenswear,2024-11-25,2024-12-16,2024-12-08,140,140,1755.6,True,True,True
PO00219,SUP01,SKU0007,Womenswear,2024-12-16,2025-01-06,2025-01-04,179,176,2244.66,True,True,True
PO00220,SUP01,SKU0007,Womenswear,2025-01-06,2025-01-27,2025-01-27,128,123,1605.12,True,True,True
PO00221,SUP01,SKU0007,Womenswear,2025-01-27,2025-02-17,2025-02-13,143,143,1793.22,True,True,True
PO00222,SUP01,SKU0007,Womenswear,2025-02-17,2025-03-10,2025-03-12,128,125,1605.12,False,True,False
PO00223,SUP01,SKU0007,Womenswear,2025-03-10,2025-03-31,2025-03-30,132,129,1655.28,True,True,True
PO00224,SUP01,SKU0007,Womenswear,2025-03-31,2025-04-21,2025-04-22,158,156,1981.32,False,True,False
PO00225,SUP01,SKU0007,Womenswear,2025-04-21,2025-05-12,2025-05-09,177,173,2219.58,True,True,True
PO00226,SUP01,SKU0007,Womenswear,2025-05-12,2025-06-02,2025-05-30,137,132,1717.98,True,True,True
PO00227,SUP01,SKU0007,Womenswear,2025-06-02,2025-06-23,2025-06-22,139,137,1743.06,True,True,True
PO00228,SUP01,SKU0007,Womenswear,2025-06-23,2025-07-14,2025-07-14,164,163,2056.56,True,True,True
PO00229,SUP01,SKU0007,Womenswear,2025-07-14,2025-08-04,2025-07-28,137,137,1717.98,True,True,True
PO00230,SUP01,SKU0007,Womenswear,2025-08-04,2025-08-25,2025-08-30,129,129,1617.66,False,True,False
PO00231,SUP01,SKU0007,Womenswear,2025-08-25,2025-09-15,2025-09-12,167,167,2094.18,True,True,True
PO00232,SUP01,SKU0007,Womenswear,2025-09-15,2025-10-06,2025-10-07,148,145,1855.92,False,True,False
PO00233,SUP01,SKU0007,Womenswear,2025-10-06,2025-10-27,2025-10-23,168,165,2106.72,True,True,True
PO00234,SUP01,SKU0007,Womenswear,2025-10-27,2025-11-17,2025-11-17,131,131,1642.74,True,True,True
PO00235,SUP01,SKU0007,Womenswear,2025-11-17,2025-12-08,2025-12-04,159,158,1993.86,True,True,True
PO00236,SUP01,SKU0007,Womenswear,2025-12-08,2025-12-29,2025-12-29,145,139,1818.3,True,True,True
PO00237,SUP01,SKU0007,Womenswear,2025-12-29,2026-01-19,2026-01-14,126,120,1580.04,True,True,True
PO00238,SUP01,SKU0007,Womenswear,2026-01-19,2026-02-09,2026-02-03,123,121,1542.42,True,True,True
PO00239,SUP01,SKU0007,Womenswear,2026-02-09,2026-03-02,2026-02-27,138,134,1730.52,True,True,True
PO00240,SUP01,SKU0007,Womenswear,2026-03-02,2026-03-23,2026-03-23,143,139,1793.22,True,True,True
PO00241,SUP01,SKU0007,Womenswear,2026-03-23,2026-04-13,2026-04-12,132,130,1655.28,True,True,True
PO00242,SUP01,SKU0007,Womenswear,2026-04-13,2026-05-04,2026-05-01,144,144,1805.76,True,True,True
PO00243,SUP01,SKU0007,Womenswear,2026-05-04,2026-05-25,2026-05-22,171,169,2144.34,True,True,True
PO00244,SUP01,SKU0007,Womenswear,2026-05-25,2026-06-15,2026-06-07,149,149,1868.46,True,True,True
PO00245,SUP01,SKU0007,Womenswear,2026-06-15,2026-07-06,2026-06-30,166,164,2081.64,True,True,True
PO00246,SUP01,SKU0008,Womenswear,2024-07-01,2024-07-22,2024-07-12,181,175,1938.51,True,True,True
PO00247,SUP01,SKU0008,Womenswear,2024-07-22,2024-08-12,2024-08-14,209,208,2238.39,False,True,False
PO00248,SUP01,SKU0008,Womenswear,2024-08-12,2024-09-02,2024-08-27,228,222,2441.88,True,True,True
PO00249,SUP01,SKU0008,Womenswear,2024-09-02,2024-09-23,2024-09-21,211,211,2259.81,True,True,True
PO00250,SUP01,SKU0008,Womenswear,2024-09-23,2024-10-14,2024-10-12,166,165,1777.86,True,True,True
PO00251,SUP01,SKU0008,Womenswear,2024-10-14,2024-11-04,2024-11-04,170,164,1820.7,True,True,True
PO00252,SUP01,SKU0008,Womenswear,2024-11-04,2024-11-25,2024-11-25,204,204,2184.84,True,True,True
PO00253,SUP01,SKU0008,Womenswear,2024-11-25,2024-12-16,2024-12-07,202,200,2163.42,True,True,True
PO00254,SUP01,SKU0008,Womenswear,2024-12-16,2025-01-06,2025-01-09,222,221,2377.62,False,True,False
PO00255,SUP01,SKU0008,Womenswear,2025-01-06,2025-01-27,2025-01-21,216,214,2313.36,True,True,True
PO00256,SUP01,SKU0008,Womenswear,2025-01-27,2025-02-17,2025-02-11,227,227,2431.17,True,True,True
PO00257,SUP01,SKU0008,Womenswear,2025-02-17,2025-03-10,2025-03-10,232,226,2484.72,True,True,True
PO00258,SUP01,SKU0008,Womenswear,2025-03-10,2025-03-31,2025-03-31,180,179,1927.8,True,True,True
PO00259,SUP01,SKU0008,Womenswear,2025-03-31,2025-04-21,2025-04-21,172,172,1842.12,True,True,True
PO00260,SUP01,SKU0008,Womenswear,2025-04-21,2025-05-12,2025-05-11,162,156,1735.02,True,True,True
PO00261,SUP01,SKU0008,Womenswear,2025-05-12,2025-06-02,2025-05-29,157,152,1681.47,True,True,True
PO00262,SUP01,SKU0008,Womenswear,2025-06-02,2025-06-23,2025-06-26,211,211,2259.81,False,True,False
PO00263,SUP01,SKU0008,Womenswear,2025-06-23,2025-07-14,2025-07-15,225,223,2409.75,False,True,False
PO00264,SUP01,SKU0008,Womenswear,2025-07-14,2025-08-04,2025-07-29,167,166,1788.57,True,True,True
PO00265,SUP01,SKU0008,Womenswear,2025-08-04,2025-08-25,2025-08-18,195,193,2088.45,True,True,True
PO00266,SUP01,SKU0008,Womenswear,2025-08-25,2025-09-15,2025-09-18,157,157,1681.47,False,True,False
PO00267,SUP01,SKU0008,Womenswear,2025-09-15,2025-10-06,2025-10-04,165,163,1767.15,True,True,True
PO00268,SUP01,SKU0008,Womenswear,2025-10-06,2025-10-27,2025-10-21,197,195,2109.87,True,True,True
PO00269,SUP01,SKU0008,Womenswear,2025-10-27,2025-11-17,2025-11-10,159,159,1702.89,True,True,True
PO00270,SUP01,SKU0008,Womenswear,2025-11-17,2025-12-08,2025-11-29,207,205,2216.97,True,True,True
PO00271,SUP01,SKU0008,Womenswear,2025-12-08,2025-12-29,2025-12-29,202,202,2163.42,True,True,True
PO00272,SUP01,SKU0008,Womenswear,2025-12-29,2026-01-19,2026-01-14,175,170,1874.25,True,True,True
PO00273,SUP01,SKU0008,Womenswear,2026-01-19,2026-02-09,2026-02-08,186,186,1992.06,True,True,True
PO00274,SUP01,SKU0008,Womenswear,2026-02-09,2026-03-02,2026-02-27,200,194,2142.0,True,True,True
PO00275,SUP01,SKU0008,Womenswear,2026-03-02,2026-03-23,2026-03-21,188,186,2013.48,True,True,True
PO00276,SUP01,SKU0008,Womenswear,2026-03-23,2026-04-13,2026-04-11,218,214,2334.78,True,True,True
PO00277,SUP01,SKU0008,Womenswear,2026-04-13,2026-05-04,2026-05-03,163,160,1745.73,True,True,True
PO00278,SUP01,SKU0008,Womenswear,2026-05-04,2026-05-25,2026-05-23,209,203,2238.39,True,True,True
PO00279,SUP01,SKU0008,Womenswear,2026-05-25,2026-06-15,2026-06-17,169,164,1809.99,False,True,False
PO00280,SUP01,SKU0008,Womenswear,2026-06-15,2026-07-06,2026-06-27,192,190,2056.32,True,True,True
PO00281,SUP01,SKU0009,Womenswear,2024-07-01,2024-07-22,2024-07-19,99,99,1222.65,True,True,True
PO00282,SUP01,SKU0009,Womenswear,2024-07-22,2024-08-12,2024-08-11,114,114,1407.9,True,True,True
PO00283,SUP01,SKU0009,Womenswear,2024-08-12,2024-09-02,2024-08-29,88,86,1086.8,True,True,True
PO00284,SUP01,SKU0009,Womenswear,2024-09-02,2024-09-23,2024-09-19,117,117,1444.95,True,True,True
PO00285,SUP01,SKU0009,Womenswear,2024-09-23,2024-10-14,2024-10-10,115,115,1420.25,True,True,True
PO00286,SUP01,SKU0009,Womenswear,2024-10-14,2024-11-04,2024-11-07,99,98,1222.65,False,True,False
PO00287,SUP01,SKU0009,Womenswear,2024-11-04,2024-11-25,2024-11-24,100,100,1235.0,True,True,True
PO00288,SUP01,SKU0009,Womenswear,2024-11-25,2024-12-16,2024-12-11,108,108,1333.8,True,True,True
PO00289,SUP01,SKU0009,Womenswear,2024-12-16,2025-01-06,2025-01-02,123,123,1519.05,True,True,True
PO00290,SUP01,SKU0009,Womenswear,2025-01-06,2025-01-27,2025-01-25,99,98,1222.65,True,True,True
PO00291,SUP01,SKU0009,Womenswear,2025-01-27,2025-02-17,2025-02-16,90,86,1111.5,True,True,True
PO00292,SUP01,SKU0009,Womenswear,2025-02-17,2025-03-10,2025-03-04,124,120,1531.4,True,True,True
PO00293,SUP01,SKU0009,Womenswear,2025-03-10,2025-03-31,2025-03-29,115,113,1420.25,True,True,True
PO00294,SUP01,SKU0009,Womenswear,2025-03-31,2025-04-21,2025-04-14,92,91,1136.2,True,True,True
PO00295,SUP01,SKU0009,Womenswear,2025-04-21,2025-05-12,2025-05-09,103,102,1272.05,True,True,True
PO00296,SUP01,SKU0009,Womenswear,2025-05-12,2025-06-02,2025-06-02,104,103,1284.4,True,True,True
PO00297,SUP01,SKU0009,Womenswear,2025-06-02,2025-06-23,2025-06-14,104,103,1284.4,True,True,True
PO00298,SUP01,SKU0009,Womenswear,2025-06-23,2025-07-14,2025-07-11,96,95,1185.6,True,True,True
PO00299,SUP01,SKU0009,Womenswear,2025-07-14,2025-08-04,2025-08-04,121,118,1494.35,True,True,True
PO00300,SUP01,SKU0009,Womenswear,2025-08-04,2025-08-25,2025-08-19,124,123,1531.4,True,True,True
PO00301,SUP01,SKU0009,Womenswear,2025-08-25,2025-09-15,2025-09-11,96,91,1185.6,True,False,False
PO00302,SUP01,SKU0009,Womenswear,2025-09-15,2025-10-06,2025-10-01,119,117,1469.65,True,True,True
PO00303,SUP01,SKU0009,Womenswear,2025-10-06,2025-10-27,2025-10-25,90,89,1111.5,True,True,True
PO00304,SUP01,SKU0009,Womenswear,2025-10-27,2025-11-17,2025-11-12,119,116,1469.65,True,True,True
PO00305,SUP01,SKU0009,Womenswear,2025-11-17,2025-12-08,2025-11-30,96,96,1185.6,True,True,True
PO00306,SUP01,SKU0009,Womenswear,2025-12-08,2025-12-29,2025-12-26,115,115,1420.25,True,True,True
PO00307,SUP01,SKU0009,Womenswear,2025-12-29,2026-01-19,2026-01-23,123,121,1519.05,False,True,False
PO00308,SUP01,SKU0009,Womenswear,2026-01-19,2026-02-09,2026-02-07,88,86,1086.8,True,True,True
PO00309,SUP01,SKU0009,Womenswear,2026-02-09,2026-03-02,2026-03-01,91,91,1123.85,True,True,True
PO00310,SUP01,SKU0009,Womenswear,2026-03-02,2026-03-23,2026-03-23,94,94,1160.9,True,True,True
PO00311,SUP01,SKU0009,Womenswear,2026-03-23,2026-04-13,2026-04-07,120,120,1482.0,True,True,True
PO00312,SUP01,SKU0009,Womenswear,2026-04-13,2026-05-04,2026-04-25,94,93,1160.9,True,True,True
PO00313,SUP01,SKU0009,Womenswear,2026-05-04,2026-05-25,2026-05-23,123,121,1519.05,True,True,True
PO00314,SUP01,SKU0009,Womenswear,2026-05-25,2026-06-15,2026-06-18,105,104,1296.75,False,True,False
PO00315,SUP01,SKU0009,Womenswear,2026-06-15,2026-07-06,2026-07-03,106,105,1309.1,True,True,True
PO00316,SUP01,SKU0010,Womenswear,2024-07-01,2024-07-22,2024-07-21,89,89,847.28,True,True,True
PO00317,SUP01,SKU0010,Womenswear,2024-07-22,2024-08-12,2024-08-11,124,124,1180.48,True,True,True
PO00318,SUP01,SKU0010,Womenswear,2024-08-12,2024-09-02,2024-08-30,92,92,875.84,True,True,True
PO00319,SUP01,SKU0010,Womenswear,2024-09-02,2024-09-23,2024-09-21,88,88,837.76,True,True,True
PO00320,SUP01,SKU0010,Womenswear,2024-09-23,2024-10-14,2024-10-15,109,108,1037.68,False,True,False
PO00321,SUP01,SKU0010,Womenswear,2024-10-14,2024-11-04,2024-11-03,106,100,1009.12,True,False,False
PO00322,SUP01,SKU0010,Womenswear,2024-11-04,2024-11-25,2024-11-10,118,114,1123.36,True,True,True
PO00323,SUP01,SKU0010,Womenswear,2024-11-25,2024-12-16,2024-12-15,90,88,856.8,True,True,True
PO00324,SUP01,SKU0010,Womenswear,2024-12-16,2025-01-06,2025-01-07,86,85,818.72,False,True,False
PO00325,SUP01,SKU0010,Womenswear,2025-01-06,2025-01-27,2025-01-24,110,110,1047.2,True,True,True
PO00326,SUP01,SKU0010,Womenswear,2025-01-27,2025-02-17,2025-02-15,92,90,875.84,True,True,True
PO00327,SUP01,SKU0010,Womenswear,2025-02-17,2025-03-10,2025-03-07,110,107,1047.2,True,True,True
PO00328,SUP01,SKU0010,Womenswear,2025-03-10,2025-03-31,2025-03-26,95,95,904.4,True,True,True
PO00329,SUP01,SKU0010,Womenswear,2025-03-31,2025-04-21,2025-04-18,89,88,847.28,True,True,True
PO00330,SUP01,SKU0010,Womenswear,2025-04-21,2025-05-12,2025-05-12,100,98,952.0,True,True,True
PO00331,SUP01,SKU0010,Womenswear,2025-05-12,2025-06-02,2025-06-02,114,112,1085.28,True,True,True
PO00332,SUP01,SKU0010,Womenswear,2025-06-02,2025-06-23,2025-06-22,109,109,1037.68,True,True,True
PO00333,SUP01,SKU0010,Womenswear,2025-06-23,2025-07-14,2025-07-12,98,98,932.96,True,True,True
PO00334,SUP01,SKU0010,Womenswear,2025-07-14,2025-08-04,2025-08-04,119,115,1132.88,True,True,True
PO00335,SUP01,SKU0010,Womenswear,2025-08-04,2025-08-25,2025-08-21,121,119,1151.92,True,True,True
PO00336,SUP01,SKU0010,Womenswear,2025-08-25,2025-09-15,2025-09-17,96,96,913.92,False,True,False
PO00337,SUP01,SKU0010,Womenswear,2025-09-15,2025-10-06,2025-10-03,115,114,1094.8,True,True,True
PO00338,SUP01,SKU0010,Womenswear,2025-10-06,2025-10-27,2025-10-25,114,113,1085.28,True,True,True
PO00339,SUP01,SKU0010,Womenswear,2025-10-27,2025-11-17,2025-11-14,101,99,961.52,True,True,True
PO00340,SUP01,SKU0010,Womenswear,2025-11-17,2025-12-08,2025-12-08,101,100,961.52,True,True,True
PO00341,SUP01,SKU0010,Womenswear,2025-12-08,2025-12-29,2025-12-29,87,86,828.24,True,True,True
PO00342,SUP01,SKU0010,Womenswear,2025-12-29,2026-01-19,2026-01-18,111,108,1056.72,True,True,True
PO00343,SUP01,SKU0010,Womenswear,2026-01-19,2026-02-09,2026-02-05,92,89,875.84,True,True,True
PO00344,SUP01,SKU0010,Womenswear,2026-02-09,2026-03-02,2026-02-24,94,93,894.88,True,True,True
PO00345,SUP01,SKU0010,Womenswear,2026-03-02,2026-03-23,2026-03-19,95,95,904.4,True,True,True
PO00346,SUP01,SKU0010,Womenswear,2026-03-23,2026-04-13,2026-04-12,112,112,1066.24,True,True,True
PO00347,SUP01,SKU0010,Womenswear,2026-04-13,2026-05-04,2026-04-24,106,104,1009.12,True,True,True
PO00348,SUP01,SKU0010,Womenswear,2026-05-04,2026-05-25,2026-05-23,109,108,1037.68,True,True,True
PO00349,SUP01,SKU0010,Womenswear,2026-05-25,2026-06-15,2026-06-16,97,96,923.44,False,True,False
PO00350,SUP01,SKU0010,Womenswear,2026-06-15,2026-07-06,2026-07-05,112,110,1066.24,True,True,True
PO00351,SUP02,SKU0011,Kidswear,2024-07-01,2024-07-29,2024-07-29,258,253,2004.66,True,True,True
PO00352,SUP02,SKU0011,Kidswear,2024-07-22,2024-08-19,2024-08-19,264,258,2051.28,True,True,True
PO00353,SUP02,SKU0011,Kidswear,2024-08-12,2024-09-09,2024-09-09,229,227,1779.33,True,True,True
PO00354,SUP02,SKU0011,Kidswear,2024-09-02,2024-09-30,2024-09-24,210,206,1631.7,True,True,True
PO00355,SUP02,SKU0011,Kidswear,2024-09-23,2024-10-21,2024-10-15,263,262,2043.51,True,True,True
PO00356,SUP02,SKU0011,Kidswear,2024-10-14,2024-11-11,2024-11-08,247,245,1919.19,True,True,True
PO00357,SUP02,SKU0011,Kidswear,2024-11-04,2024-12-02,2024-11-25,223,223,1732.71,True,True,True
PO00358,SUP02,SKU0011,Kidswear,2024-11-25,2024-12-23,2024-12-22,238,236,1849.26,True,True,True
PO00359,SUP02,SKU0011,Kidswear,2024-12-16,2025-01-13,2025-01-10,232,232,1802.64,True,True,True
PO00360,SUP02,SKU0011,Kidswear,2025-01-06,2025-02-03,2025-02-03,253,248,1965.81,True,True,True
PO00361,SUP02,SKU0011,Kidswear,2025-01-27,2025-02-24,2025-02-18,180,179,1398.6,True,True,True
PO00362,SUP02,SKU0011,Kidswear,2025-02-17,2025-03-17,2025-03-14,255,252,1981.35,True,True,True
PO00363,SUP02,SKU0011,Kidswear,2025-03-10,2025-04-07,2025-04-04,190,184,1476.3,True,True,True
PO00364,SUP02,SKU0011,Kidswear,2025-03-31,2025-04-28,2025-04-26,197,197,1530.69,True,True,True
PO00365,SUP02,SKU0011,Kidswear,2025-04-21,2025-05-19,2025-05-14,235,235,1825.95,True,True,True
PO00366,SUP02,SKU0011,Kidswear,2025-05-12,2025-06-09,2025-06-06,186,185,1445.22,True,True,True
PO00367,SUP02,SKU0011,Kidswear,2025-06-02,2025-06-30,2025-06-28,204,201,1585.08,True,True,True
PO00368,SUP02,SKU0011,Kidswear,2025-06-23,2025-07-21,2025-07-13,190,190,1476.3,True,True,True
PO00369,SUP02,SKU0011,Kidswear,2025-07-14,2025-08-11,2025-08-06,218,216,1693.86,True,True,True
PO00370,SUP02,SKU0011,Kidswear,2025-08-04,2025-09-01,2025-08-30,241,236,1872.57,True,True,True
PO00371,SUP02,SKU0011,Kidswear,2025-08-25,2025-09-22,2025-09-19,269,269,2090.13,True,True,True
PO00372,SUP02,SKU0011,Kidswear,2025-09-15,2025-10-13,2025-10-13,245,245,1903.65,True,True,True
PO00373,SUP02,SKU0011,Kidswear,2025-10-06,2025-11-03,2025-11-03,221,221,1717.17,True,True,True
PO00374,SUP02,SKU0011,Kidswear,2025-10-27,2025-11-24,2025-11-18,240,240,1864.8,True,True,True
PO00375,SUP02,SKU0011,Kidswear,2025-11-17,2025-12-15,2025-12-10,254,254,1973.58,True,True,True
PO00376,SUP02,SKU0011,Kidswear,2025-12-08,2026-01-05,2026-01-07,208,205,1616.16,False,True,False
PO00377,SUP02,SKU0011,Kidswear,2025-12-29,2026-01-26,2026-01-23,224,222,1740.48,True,True,True
PO00378,SUP02,SKU0011,Kidswear,2026-01-19,2026-02-16,2026-02-16,259,255,2012.43,True,True,True
PO00379,SUP02,SKU0011,Kidswear,2026-02-09,2026-03-09,2026-03-03,228,227,1771.56,True,True,True
PO00380,SUP02,SKU0011,Kidswear,2026-03-02,2026-03-30,2026-03-25,180,178,1398.6,True,True,True
PO00381,SUP02,SKU0011,Kidswear,2026-03-23,2026-04-20,2026-04-17,183,183,1421.91,True,True,True
PO00382,SUP02,SKU0011,Kidswear,2026-04-13,2026-05-11,2026-05-08,195,187,1515.15,True,True,True
PO00383,SUP02,SKU0011,Kidswear,2026-05-04,2026-06-01,2026-05-29,254,249,1973.58,True,True,True
PO00384,SUP02,SKU0011,Kidswear,2026-05-25,2026-06-22,2026-06-19,188,188,1460.76,True,True,True
PO00385,SUP02,SKU0011,Kidswear,2026-06-15,2026-07-13,2026-07-11,203,201,1577.31,True,True,True
PO00386,SUP02,SKU0012,Kidswear,2024-07-01,2024-07-29,2024-08-01,181,173,1241.66,False,True,False
PO00387,SUP02,SKU0012,Kidswear,2024-07-22,2024-08-19,2024-08-15,146,145,1001.56,True,True,True
PO00388,SUP02,SKU0012,Kidswear,2024-08-12,2024-09-09,2024-09-08,139,137,953.54,True,True,True
PO00389,SUP02,SKU0012,Kidswear,2024-09-02,2024-09-30,2024-09-30,143,142,980.98,True,True,True
PO00390,SUP02,SKU0012,Kidswear,2024-09-23,2024-10-21,2024-10-19,197,193,1351.42,True,True,True
PO00391,SUP02,SKU0012,Kidswear,2024-10-14,2024-11-11,2024-11-09,161,159,1104.46,True,True,True
PO00392,SUP02,SKU0012,Kidswear,2024-11-04,2024-12-02,2024-11-21,196,190,1344.56,True,True,True
PO00393,SUP02,SKU0012,Kidswear,2024-11-25,2024-12-23,2024-12-19,146,144,1001.56,True,True,True
PO00394,SUP02,SKU0012,Kidswear,2024-12-16,2025-01-13,2025-01-07,180,176,1234.8,True,True,True
PO00395,SUP02,SKU0012,Kidswear,2025-01-06,2025-02-03,2025-02-06,186,183,1275.96,False,True,False
PO00396,SUP02,SKU0012,Kidswear,2025-01-27,2025-02-24,2025-02-17,135,130,926.1,True,True,True
PO00397,SUP02,SKU0012,Kidswear,2025-02-17,2025-03-17,2025-03-11,149,147,1022.14,True,True,True
PO00398,SUP02,SKU0012,Kidswear,2025-03-10,2025-04-07,2025-04-02,186,185,1275.96,True,True,True
PO00399,SUP02,SKU0012,Kidswear,2025-03-31,2025-04-28,2025-04-27,149,145,1022.14,True,True,True
PO00400,SUP02,SKU0012,Kidswear,2025-04-21,2025-05-19,2025-05-14,169,169,1159.34,True,True,True
PO00401,SUP02,SKU0012,Kidswear,2025-05-12,2025-06-09,2025-06-02,132,130,905.52,True,True,True
PO00402,SUP02,SKU0012,Kidswear,2025-06-02,2025-06-30,2025-06-30,174,172,1193.64,True,True,True
PO00403,SUP02,SKU0012,Kidswear,2025-06-23,2025-07-21,2025-07-21,163,161,1118.18,True,True,True
PO00404,SUP02,SKU0012,Kidswear,2025-07-14,2025-08-11,2025-08-14,135,135,926.1,False,True,False
PO00405,SUP02,SKU0012,Kidswear,2025-08-04,2025-09-01,2025-08-26,144,144,987.84,True,True,True
PO00406,SUP02,SKU0012,Kidswear,2025-08-25,2025-09-22,2025-09-15,138,136,946.68,True,True,True
PO00407,SUP02,SKU0012,Kidswear,2025-09-15,2025-10-13,2025-10-10,143,140,980.98,True,True,True
PO00408,SUP02,SKU0012,Kidswear,2025-10-06,2025-11-03,2025-10-29,153,149,1049.58,True,True,True
PO00409,SUP02,SKU0012,Kidswear,2025-10-27,2025-11-24,2025-11-23,155,155,1063.3,True,True,True
PO00410,SUP02,SKU0012,Kidswear,2025-11-17,2025-12-15,2025-12-12,145,142,994.7,True,True,True
PO00411,SUP02,SKU0012,Kidswear,2025-12-08,2026-01-05,2025-12-29,138,133,946.68,True,True,True
PO00412,SUP02,SKU0012,Kidswear,2025-12-29,2026-01-26,2026-01-19,172,172,1179.92,True,True,True
PO00413,SUP02,SKU0012,Kidswear,2026-01-19,2026-02-16,2026-02-17,181,180,1241.66,False,True,False
PO00414,SUP02,SKU0012,Kidswear,2026-02-09,2026-03-09,2026-03-03,197,197,1351.42,True,True,True
PO00415,SUP02,SKU0012,Kidswear,2026-03-02,2026-03-30,2026-03-25,153,153,1049.58,True,True,True
PO00416,SUP02,SKU0012,Kidswear,2026-03-23,2026-04-20,2026-04-16,185,180,1269.1,True,True,True
PO00417,SUP02,SKU0012,Kidswear,2026-04-13,2026-05-11,2026-05-09,164,163,1125.04,True,True,True
PO00418,SUP02,SKU0012,Kidswear,2026-05-04,2026-06-01,2026-05-30,170,170,1166.2,True,True,True
PO00419,SUP02,SKU0012,Kidswear,2026-05-25,2026-06-22,2026-06-24,144,144,987.84,False,True,False
PO00420,SUP02,SKU0012,Kidswear,2026-06-15,2026-07-13,2026-07-15,170,167,1166.2,False,True,False
PO00421,SUP02,SKU0013,Kidswear,2024-07-01,2024-07-29,2024-07-27,160,157,1003.2,True,True,True
PO00422,SUP02,SKU0013,Kidswear,2024-07-22,2024-08-19,2024-08-16,193,187,1210.11,True,True,True
PO00423,SUP02,SKU0013,Kidswear,2024-08-12,2024-09-09,2024-09-11,161,157,1009.47,False,True,False
PO00424,SUP02,SKU0013,Kidswear,2024-09-02,2024-09-30,2024-09-25,175,172,1097.25,True,True,True
PO00425,SUP02,SKU0013,Kidswear,2024-09-23,2024-10-21,2024-10-18,154,154,965.58,True,True,True
PO00426,SUP02,SKU0013,Kidswear,2024-10-14,2024-11-11,2024-11-11,142,141,890.34,True,True,True
PO00427,SUP02,SKU0013,Kidswear,2024-11-04,2024-12-02,2024-11-28,146,144,915.42,True,True,True
PO00428,SUP02,SKU0013,Kidswear,2024-11-25,2024-12-23,2024-12-18,148,148,927.96,True,True,True
PO00429,SUP02,SKU0013,Kidswear,2024-12-16,2025-01-13,2025-01-13,171,171,1072.17,True,True,True
PO00430,SUP02,SKU0013,Kidswear,2025-01-06,2025-02-03,2025-01-30,194,193,1216.38,True,True,True
PO00431,SUP02,SKU0013,Kidswear,2025-01-27,2025-02-24,2025-02-22,170,167,1065.9,True,True,True
PO00432,SUP02,SKU0013,Kidswear,2025-02-17,2025-03-17,2025-03-16,176,174,1103.52,True,True,True
PO00433,SUP02,SKU0013,Kidswear,2025-03-10,2025-04-07,2025-03-28,181,174,1134.87,True,True,True
PO00434,SUP02,SKU0013,Kidswear,2025-03-31,2025-04-28,2025-04-26,162,161,1015.74,True,True,True
PO00435,SUP02,SKU0013,Kidswear,2025-04-21,2025-05-19,2025-05-16,153,153,959.31,True,True,True
PO00436,SUP02,SKU0013,Kidswear,2025-05-12,2025-06-09,2025-06-07,169,166,1059.63,True,True,True
PO00437,SUP02,SKU0013,Kidswear,2025-06-02,2025-06-30,2025-06-20,183,182,1147.41,True,True,True
PO00438,SUP02,SKU0013,Kidswear,2025-06-23,2025-07-21,2025-07-13,195,191,1222.65,True,True,True
PO00439,SUP02,SKU0013,Kidswear,2025-07-14,2025-08-11,2025-08-05,144,143,902.88,True,True,True
PO00440,SUP02,SKU0013,Kidswear,2025-08-04,2025-09-01,2025-08-21,156,156,978.12,True,True,True
PO00441,SUP02,SKU0013,Kidswear,2025-08-25,2025-09-22,2025-09-19,163,155,1022.01,True,True,True
PO00442,SUP02,SKU0013,Kidswear,2025-09-15,2025-10-13,2025-10-14,172,163,1078.44,False,False,False
PO00443,SUP02,SKU0013,Kidswear,2025-10-06,2025-11-03,2025-10-27,159,159,996.93,True,True,True
PO00444,SUP02,SKU0013,Kidswear,2025-10-27,2025-11-24,2025-11-23,187,187,1172.49,True,True,True
PO00445,SUP02,SKU0013,Kidswear,2025-11-17,2025-12-15,2025-12-12,189,188,1185.03,True,True,True
PO00446,SUP02,SKU0013,Kidswear,2025-12-08,2026-01-05,2026-01-06,162,159,1015.74,False,True,False
PO00447,SUP02,SKU0013,Kidswear,2025-12-29,2026-01-26,2026-01-23,176,170,1103.52,True,True,True
PO00448,SUP02,SKU0013,Kidswear,2026-01-19,2026-02-16,2026-02-16,134,133,840.18,True,True,True
PO00449,SUP02,SKU0013,Kidswear,2026-02-09,2026-03-09,2026-03-06,146,146,915.42,True,True,True
PO00450,SUP02,SKU0013,Kidswear,2026-03-02,2026-03-30,2026-03-24,154,154,965.58,True,True,True
PO00451,SUP02,SKU0013,Kidswear,2026-03-23,2026-04-20,2026-04-19,158,158,990.66,True,True,True
PO00452,SUP02,SKU0013,Kidswear,2026-04-13,2026-05-11,2026-05-11,137,137,858.99,True,True,True
PO00453,SUP02,SKU0013,Kidswear,2026-05-04,2026-06-01,2026-05-27,173,172,1084.71,True,True,True
PO00454,SUP02,SKU0013,Kidswear,2026-05-25,2026-06-22,2026-06-18,134,131,840.18,True,True,True
PO00455,SUP02,SKU0013,Kidswear,2026-06-15,2026-07-13,2026-07-12,195,191,1222.65,True,True,True
PO00456,SUP02,SKU0014,Kidswear,2024-07-01,2024-07-29,2024-07-26,138,136,1047.42,True,True,True
PO00457,SUP02,SKU0014,Kidswear,2024-07-22,2024-08-19,2024-08-12,176,175,1335.84,True,True,True
PO00458,SUP02,SKU0014,Kidswear,2024-08-12,2024-09-09,2024-09-08,170,167,1290.3,True,True,True
PO00459,SUP02,SKU0014,Kidswear,2024-09-02,2024-09-30,2024-09-26,174,172,1320.66,True,True,True
PO00460,SUP02,SKU0014,Kidswear,2024-09-23,2024-10-21,2024-10-21,146,141,1108.14,True,True,True
PO00461,SUP02,SKU0014,Kidswear,2024-10-14,2024-11-11,2024-11-07,138,137,1047.42,True,True,True
PO00462,SUP02,SKU0014,Kidswear,2024-11-04,2024-12-02,2024-12-03,177,177,1343.43,False,True,False
PO00463,SUP02,SKU0014,Kidswear,2024-11-25,2024-12-23,2024-12-15,162,162,1229.58,True,True,True
PO00464,SUP02,SKU0014,Kidswear,2024-12-16,2025-01-13,2025-01-05,170,168,1290.3,True,True,True
PO00465,SUP02,SKU0014,Kidswear,2025-01-06,2025-02-03,2025-02-02,167,166,1267.53,True,True,True
PO00466,SUP02,SKU0014,Kidswear,2025-01-27,2025-02-24,2025-02-26,173,173,1313.07,False,True,False
PO00467,SUP02,SKU0014,Kidswear,2025-02-17,2025-03-17,2025-03-13,148,146,1123.32,True,True,True
PO00468,SUP02,SKU0014,Kidswear,2025-03-10,2025-04-07,2025-04-05,141,141,1070.19,True,True,True
PO00469,SUP02,SKU0014,Kidswear,2025-03-31,2025-04-28,2025-04-27,124,121,941.16,True,True,True
PO00470,SUP02,SKU0014,Kidswear,2025-04-21,2025-05-19,2025-05-21,175,172,1328.25,False,True,False
PO00471,SUP02,SKU0014,Kidswear,2025-05-12,2025-06-09,2025-05-31,129,129,979.11,True,True,True
PO00472,SUP02,SKU0014,Kidswear,2025-06-02,2025-06-30,2025-06-27,133,133,1009.47,True,True,True
PO00473,SUP02,SKU0014,Kidswear,2025-06-23,2025-07-21,2025-07-22,178,175,1351.02,False,True,False
PO00474,SUP02,SKU0014,Kidswear,2025-07-14,2025-08-11,2025-08-07,129,127,979.11,True,True,True
PO00475,SUP02,SKU0014,Kidswear,2025-08-04,2025-09-01,2025-08-30,154,154,1168.86,True,True,True
PO00476,SUP02,SKU0014,Kidswear,2025-08-25,2025-09-22,2025-09-21,157,154,1191.63,True,True,True
PO00477,SUP02,SKU0014,Kidswear,2025-09-15,2025-10-13,2025-10-05,157,157,1191.63,True,True,True
PO00478,SUP02,SKU0014,Kidswear,2025-10-06,2025-11-03,2025-10-29,140,140,1062.6,True,True,True
PO00479,SUP02,SKU0014,Kidswear,2025-10-27,2025-11-24,2025-11-24,146,145,1108.14,True,True,True
PO00480,SUP02,SKU0014,Kidswear,2025-11-17,2025-12-15,2025-12-12,166,165,1259.94,True,True,True
PO00481,SUP02,SKU0014,Kidswear,2025-12-08,2026-01-05,2026-01-03,139,136,1055.01,True,True,True
PO00482,SUP02,SKU0014,Kidswear,2025-12-29,2026-01-26,2026-01-26,146,146,1108.14,True,True,True
PO00483,SUP02,SKU0014,Kidswear,2026-01-19,2026-02-16,2026-02-13,130,127,986.7,True,True,True
PO00484,SUP02,SKU0014,Kidswear,2026-02-09,2026-03-09,2026-03-01,126,125,956.34,True,True,True
PO00485,SUP02,SKU0014,Kidswear,2026-03-02,2026-03-30,2026-03-26,150,142,1138.5,True,False,False
PO00486,SUP02,SKU0014,Kidswear,2026-03-23,2026-04-20,2026-04-20,149,146,1130.91,True,True,True
PO00487,SUP02,SKU0014,Kidswear,2026-04-13,2026-05-11,2026-05-04,124,124,941.16,True,True,True
PO00488,SUP02,SKU0014,Kidswear,2026-05-04,2026-06-01,2026-05-31,158,158,1199.22,True,True,True
PO00489,SUP02,SKU0014,Kidswear,2026-05-25,2026-06-22,2026-06-18,148,145,1123.32,True,True,True
PO00490,SUP02,SKU0014,Kidswear,2026-06-15,2026-07-13,2026-07-12,123,122,933.57,True,True,True
PO00491,SUP02,SKU0015,Kidswear,2024-07-01,2024-07-29,2024-07-31,150,148,1150.5,False,True,False
PO00492,SUP02,SKU0015,Kidswear,2024-07-22,2024-08-19,2024-08-17,154,154,1181.18,True,True,True
PO00493,SUP02,SKU0015,Kidswear,2024-08-12,2024-09-09,2024-09-09,143,140,1096.81,True,True,True
PO00494,SUP02,SKU0015,Kidswear,2024-09-02,2024-09-30,2024-09-29,128,128,981.76,True,True,True
PO00495,SUP02,SKU0015,Kidswear,2024-09-23,2024-10-21,2024-10-14,135,131,1035.45,True,True,True
PO00496,SUP02,SKU0015,Kidswear,2024-10-14,2024-11-11,2024-11-02,119,118,912.73,True,True,True
PO00497,SUP02,SKU0015,Kidswear,2024-11-04,2024-12-02,2024-11-29,118,113,905.06,True,True,True
PO00498,SUP02,SKU0015,Kidswear,2024-11-25,2024-12-23,2024-12-20,156,156,1196.52,True,True,True
PO00499,SUP02,SKU0015,Kidswear,2024-12-16,2025-01-13,2025-01-09,159,159,1219.53,True,True,True
PO00500,SUP02,SKU0015,Kidswear,2025-01-06,2025-02-03,2025-02-02,123,122,943.41,True,True,True
PO00501,SUP02,SKU0015,Kidswear,2025-01-27,2025-02-24,2025-02-24,149,146,1142.83,True,True,True
PO00502,SUP02,SKU0015,Kidswear,2025-02-17,2025-03-17,2025-03-10,127,126,974.09,True,True,True
PO00503,SUP02,SKU0015,Kidswear,2025-03-10,2025-04-07,2025-04-02,122,121,935.74,True,True,True
PO00504,SUP02,SKU0015,Kidswear,2025-03-31,2025-04-28,2025-04-22,137,135,1050.79,True,True,True
PO00505,SUP02,SKU0015,Kidswear,2025-04-21,2025-05-19,2025-05-18,133,129,1020.11,True,True,True
PO00506,SUP02,SKU0015,Kidswear,2025-05-12,2025-06-09,2025-06-02,152,149,1165.84,True,True,True
PO00507,SUP02,SKU0015,Kidswear,2025-06-02,2025-06-30,2025-07-01,121,120,928.07,False,True,False
PO00508,SUP02,SKU0015,Kidswear,2025-06-23,2025-07-21,2025-07-20,133,127,1020.11,True,True,True
PO00509,SUP02,SKU0015,Kidswear,2025-07-14,2025-08-11,2025-08-14,148,147,1135.16,False,True,False
PO00510,SUP02,SKU0015,Kidswear,2025-08-04,2025-09-01,2025-08-31,115,115,882.05,True,True,True
PO00511,SUP02,SKU0015,Kidswear,2025-08-25,2025-09-22,2025-09-14,127,126,974.09,True,True,True
PO00512,SUP02,SKU0015,Kidswear,2025-09-15,2025-10-13,2025-10-14,158,156,1211.86,False,True,False
PO00513,SUP02,SKU0015,Kidswear,2025-10-06,2025-11-03,2025-10-27,154,146,1181.18,True,False,False
PO00514,SUP02,SKU0015,Kidswear,2025-10-27,2025-11-24,2025-11-21,156,153,1196.52,True,True,True
PO00515,SUP02,SKU0015,Kidswear,2025-11-17,2025-12-15,2025-12-16,132,130,1012.44,False,True,False
PO00516,SUP02,SKU0015,Kidswear,2025-12-08,2026-01-05,2026-01-05,133,133,1020.11,True,True,True
PO00517,SUP02,SKU0015,Kidswear,2025-12-29,2026-01-26,2026-01-26,138,134,1058.46,True,True,True
PO00518,SUP02,SKU0015,Kidswear,2026-01-19,2026-02-16,2026-02-10,113,113,866.71,True,True,True
PO00519,SUP02,SKU0015,Kidswear,2026-02-09,2026-03-09,2026-03-03,153,153,1173.51,True,True,True
PO00520,SUP02,SKU0015,Kidswear,2026-03-02,2026-03-30,2026-03-30,156,155,1196.52,True,True,True
PO00521,SUP02,SKU0015,Kidswear,2026-03-23,2026-04-20,2026-04-21,122,120,935.74,False,True,False
PO00522,SUP02,SKU0015,Kidswear,2026-04-13,2026-05-11,2026-05-06,126,126,966.42,True,True,True
PO00523,SUP02,SKU0015,Kidswear,2026-05-04,2026-06-01,2026-05-24,117,115,897.39,True,True,True
PO00524,SUP02,SKU0015,Kidswear,2026-05-25,2026-06-22,2026-06-18,159,154,1219.53,True,True,True
PO00525,SUP02,SKU0015,Kidswear,2026-06-15,2026-07-13,2026-07-08,144,144,1104.48,True,True,True
PO00526,SUP09,SKU0016,School Uniforms,2024-07-01,2024-07-22,2024-07-21,101,99,1029.19,True,True,True
PO00527,SUP09,SKU0016,School Uniforms,2024-07-22,2024-08-12,2024-08-09,77,75,784.63,True,True,True
PO00528,SUP09,SKU0016,School Uniforms,2024-08-12,2024-09-02,2024-08-30,80,78,815.2,True,True,True
PO00529,SUP09,SKU0016,School Uniforms,2024-09-02,2024-09-23,2024-09-24,81,78,825.39,False,True,False
PO00530,SUP09,SKU0016,School Uniforms,2024-09-23,2024-10-14,2024-10-13,81,81,825.39,True,True,True
PO00531,SUP09,SKU0016,School Uniforms,2024-10-14,2024-11-04,2024-10-29,85,83,866.15,True,True,True
PO00532,SUP09,SKU0016,School Uniforms,2024-11-04,2024-11-25,2024-11-27,72,69,733.68,False,True,False
PO00533,SUP09,SKU0016,School Uniforms,2024-11-25,2024-12-16,2024-12-19,73,72,743.87,False,True,False
PO00534,SUP09,SKU0016,School Uniforms,2024-12-16,2025-01-06,2025-01-03,101,100,1029.19,True,True,True
PO00535,SUP09,SKU0016,School Uniforms,2025-01-06,2025-01-27,2025-01-18,98,98,998.62,True,True,True
PO00536,SUP09,SKU0016,School Uniforms,2025-01-27,2025-02-17,2025-02-15,79,77,805.01,True,True,True
PO00537,SUP09,SKU0016,School Uniforms,2025-02-17,2025-03-10,2025-03-09,103,101,1049.57,True,True,True
PO00538,SUP09,SKU0016,School Uniforms,2025-03-10,2025-03-31,2025-03-31,107,106,1090.33,True,True,True
PO00539,SUP09,SKU0016,School Uniforms,2025-03-31,2025-04-21,2025-04-25,105,102,1069.95,False,True,False
PO00540,SUP09,SKU0016,School Uniforms,2025-04-21,2025-05-12,2025-05-14,99,99,1008.81,False,True,False
PO00541,SUP09,SKU0016,School Uniforms,2025-05-12,2025-06-02,2025-05-31,79,79,805.01,True,True,True
PO00542,SUP09,SKU0016,School Uniforms,2025-06-02,2025-06-23,2025-06-23,82,81,835.58,True,True,True
PO00543,SUP09,SKU0016,School Uniforms,2025-06-23,2025-07-14,2025-07-14,100,99,1019.0,True,True,True
PO00544,SUP09,SKU0016,School Uniforms,2025-07-14,2025-08-04,2025-08-04,81,79,825.39,True,True,True
PO00545,SUP09,SKU0016,School Uniforms,2025-08-04,2025-08-25,2025-09-03,86,83,876.34,False,True,False
PO00546,SUP09,SKU0016,School Uniforms,2025-08-25,2025-09-15,2025-09-12,86,86,876.34,True,True,True
PO00547,SUP09,SKU0016,School Uniforms,2025-09-15,2025-10-06,2025-10-07,95,95,968.05,False,True,False
PO00548,SUP09,SKU0016,School Uniforms,2025-10-06,2025-10-27,2025-10-29,105,100,1069.95,False,True,False
PO00549,SUP09,SKU0016,School Uniforms,2025-10-27,2025-11-17,2025-11-17,80,80,815.2,True,True,True
PO00550,SUP09,SKU0016,School Uniforms,2025-11-17,2025-12-08,2025-12-05,83,82,845.77,True,True,True
PO00551,SUP09,SKU0016,School Uniforms,2025-12-08,2025-12-29,2025-12-29,76,76,774.44,True,True,True
PO00552,SUP09,SKU0016,School Uniforms,2025-12-29,2026-01-19,2026-01-21,98,97,998.62,False,True,False
PO00553,SUP09,SKU0016,School Uniforms,2026-01-19,2026-02-09,2026-02-03,90,90,917.1,True,True,True
PO00554,SUP09,SKU0016,School Uniforms,2026-02-09,2026-03-02,2026-02-28,98,98,998.62,True,True,True
PO00555,SUP09,SKU0016,School Uniforms,2026-03-02,2026-03-23,2026-03-23,80,79,815.2,True,True,True
PO00556,SUP09,SKU0016,School Uniforms,2026-03-23,2026-04-13,2026-04-12,92,90,937.48,True,True,True
PO00557,SUP09,SKU0016,School Uniforms,2026-04-13,2026-05-04,2026-05-07,104,104,1059.76,False,True,False
PO00558,SUP09,SKU0016,School Uniforms,2026-05-04,2026-05-25,2026-05-24,96,93,978.24,True,True,True
PO00559,SUP09,SKU0016,School Uniforms,2026-05-25,2026-06-15,2026-06-08,100,100,1019.0,True,True,True
PO00560,SUP09,SKU0016,School Uniforms,2026-06-15,2026-07-06,2026-07-13,105,102,1069.95,False,True,False
PO00561,SUP09,SKU0017,School Uniforms,2024-07-01,2024-07-22,2024-07-27,79,79,774.2,False,True,False
PO00562,SUP09,SKU0017,School Uniforms,2024-07-22,2024-08-12,2024-08-12,62,61,607.6,True,True,True
PO00563,SUP09,SKU0017,School Uniforms,2024-08-12,2024-09-02,2024-08-30,68,67,666.4,True,True,True
PO00564,SUP09,SKU0017,School Uniforms,2024-09-02,2024-09-23,2024-09-23,89,89,872.2,True,True,True
PO00565,SUP09,SKU0017,School Uniforms,2024-09-23,2024-10-14,2024-10-08,83,83,813.4,True,True,True
PO00566,SUP09,SKU0017,School Uniforms,2024-10-14,2024-11-04,2024-11-01,79,78,774.2,True,True,True
PO00567,SUP09,SKU0017,School Uniforms,2024-11-04,2024-11-25,2024-11-21,66,65,646.8,True,True,True
PO00568,SUP09,SKU0017,School Uniforms,2024-11-25,2024-12-16,2024-12-13,74,74,725.2,True,True,True
PO00569,SUP09,SKU0017,School Uniforms,2024-12-16,2025-01-06,2025-01-06,85,84,833.0,True,True,True
PO00570,SUP09,SKU0017,School Uniforms,2025-01-06,2025-01-27,2025-01-25,88,85,862.4,True,True,True
PO00571,SUP09,SKU0017,School Uniforms,2025-01-27,2025-02-17,2025-02-15,85,83,833.0,True,True,True
PO00572,SUP09,SKU0017,School Uniforms,2025-02-17,2025-03-10,2025-03-08,75,75,735.0,True,True,True
PO00573,SUP09,SKU0017,School Uniforms,2025-03-10,2025-03-31,2025-03-31,66,64,646.8,True,True,True
PO00574,SUP09,SKU0017,School Uniforms,2025-03-31,2025-04-21,2025-04-21,81,77,793.8,True,True,True
PO00575,SUP09,SKU0017,School Uniforms,2025-04-21,2025-05-12,2025-05-17,75,74,735.0,False,True,False
PO00576,SUP09,SKU0017,School Uniforms,2025-05-12,2025-06-02,2025-06-04,79,78,774.2,False,True,False
PO00577,SUP09,SKU0017,School Uniforms,2025-06-02,2025-06-23,2025-06-15,84,84,823.2,True,True,True
PO00578,SUP09,SKU0017,School Uniforms,2025-06-23,2025-07-14,2025-07-10,64,63,627.2,True,True,True
PO00579,SUP09,SKU0017,School Uniforms,2025-07-14,2025-08-04,2025-08-02,87,87,852.6,True,True,True
PO00580,SUP09,SKU0017,School Uniforms,2025-08-04,2025-08-25,2025-08-27,66,64,646.8,False,True,False
PO00581,SUP09,SKU0017,School Uniforms,2025-08-25,2025-09-15,2025-09-20,62,62,607.6,False,True,False
PO00582,SUP09,SKU0017,School Uniforms,2025-09-15,2025-10-06,2025-10-02,63,62,617.4,True,True,True
PO00583,SUP09,SKU0017,School Uniforms,2025-10-06,2025-10-27,2025-10-27,83,82,813.4,True,True,True
PO00584,SUP09,SKU0017,School Uniforms,2025-10-27,2025-11-17,2025-11-16,79,77,774.2,True,True,True
PO00585,SUP09,SKU0017,School Uniforms,2025-11-17,2025-12-08,2025-12-10,73,71,715.4,False,True,False
PO00586,SUP09,SKU0017,School Uniforms,2025-12-08,2025-12-29,2025-12-26,65,64,637.0,True,True,True
PO00587,SUP09,SKU0017,School Uniforms,2025-12-29,2026-01-19,2026-01-23,64,64,627.2,False,True,False
PO00588,SUP09,SKU0017,School Uniforms,2026-01-19,2026-02-09,2026-02-10,69,68,676.2,False,True,False
PO00589,SUP09,SKU0017,School Uniforms,2026-02-09,2026-03-02,2026-03-02,62,61,607.6,True,True,True
PO00590,SUP09,SKU0017,School Uniforms,2026-03-02,2026-03-23,2026-03-20,66,65,646.8,True,True,True
PO00591,SUP09,SKU0017,School Uniforms,2026-03-23,2026-04-13,2026-04-11,68,68,666.4,True,True,True
PO00592,SUP09,SKU0017,School Uniforms,2026-04-13,2026-05-04,2026-05-08,76,76,744.8,False,True,False
PO00593,SUP09,SKU0017,School Uniforms,2026-05-04,2026-05-25,2026-05-25,78,76,764.4,True,True,True
PO00594,SUP09,SKU0017,School Uniforms,2026-05-25,2026-06-15,2026-06-12,80,78,784.0,True,True,True
PO00595,SUP09,SKU0017,School Uniforms,2026-06-15,2026-07-06,2026-07-05,73,71,715.4,True,True,True
PO00596,SUP09,SKU0018,School Uniforms,2024-07-01,2024-07-22,2024-07-18,106,106,813.02,True,True,True
PO00597,SUP09,SKU0018,School Uniforms,2024-07-22,2024-08-12,2024-08-10,107,105,820.69,True,True,True
PO00598,SUP09,SKU0018,School Uniforms,2024-08-12,2024-09-02,2024-08-28,132,132,1012.44,True,True,True
PO00599,SUP09,SKU0018,School Uniforms,2024-09-02,2024-09-23,2024-09-23,125,121,958.75,True,True,True
PO00600,SUP09,SKU0018,School Uniforms,2024-09-23,2024-10-14,2024-10-10,121,121,928.07,True,True,True
PO00601,SUP09,SKU0018,School Uniforms,2024-10-14,2024-11-04,2024-11-04,99,94,759.33,True,False,False
PO00602,SUP09,SKU0018,School Uniforms,2024-11-04,2024-11-25,2024-11-26,140,140,1073.8,False,True,False
PO00603,SUP09,SKU0018,School Uniforms,2024-11-25,2024-12-16,2024-12-10,142,141,1089.14,True,True,True
PO00604,SUP09,SKU0018,School Uniforms,2024-12-16,2025-01-06,2024-12-31,106,105,813.02,True,True,True
PO00605,SUP09,SKU0018,School Uniforms,2025-01-06,2025-01-27,2025-01-25,116,112,889.72,True,True,True
PO00606,SUP09,SKU0018,School Uniforms,2025-01-27,2025-02-17,2025-02-15,97,96,743.99,True,True,True
PO00607,SUP09,SKU0018,School Uniforms,2025-02-17,2025-03-10,2025-03-08,141,140,1081.47,True,True,True
PO00608,SUP09,SKU0018,School Uniforms,2025-03-10,2025-03-31,2025-03-29,111,109,851.37,True,True,True
PO00609,SUP09,SKU0018,School Uniforms,2025-03-31,2025-04-21,2025-04-14,132,132,1012.44,True,True,True
PO00610,SUP09,SKU0018,School Uniforms,2025-04-21,2025-05-12,2025-05-12,120,120,920.4,True,True,True
PO00611,SUP09,SKU0018,School Uniforms,2025-05-12,2025-06-02,2025-05-26,143,142,1096.81,True,True,True
PO00612,SUP09,SKU0018,School Uniforms,2025-06-02,2025-06-23,2025-06-23,108,106,828.36,True,True,True
PO00613,SUP09,SKU0018,School Uniforms,2025-06-23,2025-07-14,2025-07-16,143,143,1096.81,False,True,False
PO00614,SUP09,SKU0018,School Uniforms,2025-07-14,2025-08-04,2025-07-27,126,126,966.42,True,True,True
PO00615,SUP09,SKU0018,School Uniforms,2025-08-04,2025-08-25,2025-08-26,105,103,805.35,False,True,False
PO00616,SUP09,SKU0018,School Uniforms,2025-08-25,2025-09-15,2025-09-17,110,110,843.7,False,True,False
PO00617,SUP09,SKU0018,School Uniforms,2025-09-15,2025-10-06,2025-10-05,143,143,1096.81,True,True,True
PO00618,SUP09,SKU0018,School Uniforms,2025-10-06,2025-10-27,2025-10-23,108,108,828.36,True,True,True
PO00619,SUP09,SKU0018,School Uniforms,2025-10-27,2025-11-17,2025-11-17,122,121,935.74,True,True,True
PO00620,SUP09,SKU0018,School Uniforms,2025-11-17,2025-12-08,2025-12-12,115,112,882.05,False,True,False
PO00621,SUP09,SKU0018,School Uniforms,2025-12-08,2025-12-29,2025-12-29,111,111,851.37,True,True,True
PO00622,SUP09,SKU0018,School Uniforms,2025-12-29,2026-01-19,2026-01-14,136,130,1043.12,True,True,True
PO00623,SUP09,SKU0018,School Uniforms,2026-01-19,2026-02-09,2026-02-05,132,130,1012.44,True,True,True
PO00624,SUP09,SKU0018,School Uniforms,2026-02-09,2026-03-02,2026-02-27,111,110,851.37,True,True,True
PO00625,SUP09,SKU0018,School Uniforms,2026-03-02,2026-03-23,2026-03-24,109,109,836.03,False,True,False
PO00626,SUP09,SKU0018,School Uniforms,2026-03-23,2026-04-13,2026-04-12,123,123,943.41,True,True,True
PO00627,SUP09,SKU0018,School Uniforms,2026-04-13,2026-05-04,2026-04-29,103,103,790.01,True,True,True
PO00628,SUP09,SKU0018,School Uniforms,2026-05-04,2026-05-25,2026-05-28,117,117,897.39,False,True,False
PO00629,SUP09,SKU0018,School Uniforms,2026-05-25,2026-06-15,2026-06-15,138,136,1058.46,True,True,True
PO00630,SUP09,SKU0018,School Uniforms,2026-06-15,2026-07-06,2026-07-04,139,138,1066.13,True,True,True
PO00631,SUP09,SKU0019,School Uniforms,2024-07-01,2024-07-22,2024-07-20,105,103,1036.35,True,True,True
PO00632,SUP09,SKU0019,School Uniforms,2024-07-22,2024-08-12,2024-08-08,124,119,1223.88,True,True,True
PO00633,SUP09,SKU0019,School Uniforms,2024-08-12,2024-09-02,2024-09-07,110,110,1085.7,False,True,False
PO00634,SUP09,SKU0019,School Uniforms,2024-09-02,2024-09-23,2024-09-24,106,106,1046.22,False,True,False
PO00635,SUP09,SKU0019,School Uniforms,2024-09-23,2024-10-14,2024-10-14,130,125,1283.1,True,True,True
PO00636,SUP09,SKU0019,School Uniforms,2024-10-14,2024-11-04,2024-10-31,126,125,1243.62,True,True,True
PO00637,SUP09,SKU0019,School Uniforms,2024-11-04,2024-11-25,2024-11-25,134,134,1322.58,True,True,True
PO00638,SUP09,SKU0019,School Uniforms,2024-11-25,2024-12-16,2024-12-12,118,113,1164.66,True,True,True
PO00639,SUP09,SKU0019,School Uniforms,2024-12-16,2025-01-06,2025-01-03,98,95,967.26,True,True,True
PO00640,SUP09,SKU0019,School Uniforms,2025-01-06,2025-01-27,2025-01-25,115,112,1135.05,True,True,True
PO00641,SUP09,SKU0019,School Uniforms,2025-01-27,2025-02-17,2025-02-19,140,140,1381.8,False,True,False
PO00642,SUP09,SKU0019,School Uniforms,2025-02-17,2025-03-10,2025-03-11,96,93,947.52,False,True,False
PO00643,SUP09,SKU0019,School Uniforms,2025-03-10,2025-03-31,2025-03-31,96,94,947.52,True,True,True
PO00644,SUP09,SKU0019,School Uniforms,2025-03-31,2025-04-21,2025-04-18,139,139,1371.93,True,True,True
PO00645,SUP09,SKU0019,School Uniforms,2025-04-21,2025-05-12,2025-05-01,99,99,977.13,True,True,True
PO00646,SUP09,SKU0019,School Uniforms,2025-05-12,2025-06-02,2025-05-30,125,125,1233.75,True,True,True
PO00647,SUP09,SKU0019,School Uniforms,2025-06-02,2025-06-23,2025-06-17,103,100,1016.61,True,True,True
PO00648,SUP09,SKU0019,School Uniforms,2025-06-23,2025-07-14,2025-07-07,131,131,1292.97,True,True,True
PO00649,SUP09,SKU0019,School Uniforms,2025-07-14,2025-08-04,2025-07-30,120,118,1184.4,True,True,True
PO00650,SUP09,SKU0019,School Uniforms,2025-08-04,2025-08-25,2025-08-27,131,131,1292.97,False,True,False
PO00651,SUP09,SKU0019,School Uniforms,2025-08-25,2025-09-15,2025-09-13,106,104,1046.22,True,True,True
PO00652,SUP09,SKU0019,School Uniforms,2025-09-15,2025-10-06,2025-10-01,131,131,1292.97,True,True,True
PO00653,SUP09,SKU0019,School Uniforms,2025-10-06,2025-10-27,2025-10-22,114,112,1125.18,True,True,True
PO00654,SUP09,SKU0019,School Uniforms,2025-10-27,2025-11-17,2025-11-12,125,124,1233.75,True,True,True
PO00655,SUP09,SKU0019,School Uniforms,2025-11-17,2025-12-08,2025-11-30,129,127,1273.23,True,True,True
PO00656,SUP09,SKU0019,School Uniforms,2025-12-08,2025-12-29,2025-12-26,100,98,987.0,True,True,True
PO00657,SUP09,SKU0019,School Uniforms,2025-12-29,2026-01-19,2026-01-25,99,98,977.13,False,True,False
PO00658,SUP09,SKU0019,School Uniforms,2026-01-19,2026-02-09,2026-02-02,109,107,1075.83,True,True,True
PO00659,SUP09,SKU0019,School Uniforms,2026-02-09,2026-03-02,2026-02-26,120,120,1184.4,True,True,True
PO00660,SUP09,SKU0019,School Uniforms,2026-03-02,2026-03-23,2026-03-21,141,138,1391.67,True,True,True
PO00661,SUP09,SKU0019,School Uniforms,2026-03-23,2026-04-13,2026-04-10,138,136,1362.06,True,True,True
PO00662,SUP09,SKU0019,School Uniforms,2026-04-13,2026-05-04,2026-05-01,103,103,1016.61,True,True,True
PO00663,SUP09,SKU0019,School Uniforms,2026-05-04,2026-05-25,2026-05-24,109,107,1075.83,True,True,True
PO00664,SUP09,SKU0019,School Uniforms,2026-05-25,2026-06-15,2026-06-14,115,113,1135.05,True,True,True
PO00665,SUP09,SKU0019,School Uniforms,2026-06-15,2026-07-06,2026-07-10,97,94,957.39,False,True,False
PO00666,SUP09,SKU0020,School Uniforms,2024-07-01,2024-07-22,2024-07-15,79,78,745.76,True,True,True
PO00667,SUP09,SKU0020,School Uniforms,2024-07-22,2024-08-12,2024-08-12,67,67,632.48,True,True,True
PO00668,SUP09,SKU0020,School Uniforms,2024-08-12,2024-09-02,2024-09-02,84,83,792.96,True,True,True
PO00669,SUP09,SKU0020,School Uniforms,2024-09-02,2024-09-23,2024-09-21,77,76,726.88,True,True,True
PO00670,SUP09,SKU0020,School Uniforms,2024-09-23,2024-10-14,2024-10-11,70,68,660.8,True,True,True
PO00671,SUP09,SKU0020,School Uniforms,2024-10-14,2024-11-04,2024-11-04,83,82,783.52,True,True,True
PO00672,SUP09,SKU0020,School Uniforms,2024-11-04,2024-11-25,2024-11-25,78,78,736.32,True,True,True
PO00673,SUP09,SKU0020,School Uniforms,2024-11-25,2024-12-16,2024-12-15,83,82,783.52,True,True,True
PO00674,SUP09,SKU0020,School Uniforms,2024-12-16,2025-01-06,2025-01-04,89,87,840.16,True,True,True
PO00675,SUP09,SKU0020,School Uniforms,2025-01-06,2025-01-27,2025-01-27,76,74,717.44,True,True,True
PO00676,SUP09,SKU0020,School Uniforms,2025-01-27,2025-02-17,2025-02-16,89,87,840.16,True,True,True
PO00677,SUP09,SKU0020,School Uniforms,2025-02-17,2025-03-10,2025-03-11,85,83,802.4,False,True,False
PO00678,SUP09,SKU0020,School Uniforms,2025-03-10,2025-03-31,2025-04-01,89,88,840.16,False,True,False
PO00679,SUP09,SKU0020,School Uniforms,2025-03-31,2025-04-21,2025-04-21,88,87,830.72,True,True,True
PO00680,SUP09,SKU0020,School Uniforms,2025-04-21,2025-05-12,2025-05-13,62,62,585.28,False,True,False
PO00681,SUP09,SKU0020,School Uniforms,2025-05-12,2025-06-02,2025-05-30,75,74,708.0,True,True,True
PO00682,SUP09,SKU0020,School Uniforms,2025-06-02,2025-06-23,2025-06-18,75,73,708.0,True,True,True
PO00683,SUP09,SKU0020,School Uniforms,2025-06-23,2025-07-14,2025-07-04,68,68,641.92,True,True,True
PO00684,SUP09,SKU0020,School Uniforms,2025-07-14,2025-08-04,2025-08-07,75,74,708.0,False,True,False
PO00685,SUP09,SKU0020,School Uniforms,2025-08-04,2025-08-25,2025-08-23,69,68,651.36,True,True,True
PO00686,SUP09,SKU0020,School Uniforms,2025-08-25,2025-09-15,2025-09-13,66,66,623.04,True,True,True
PO00687,SUP09,SKU0020,School Uniforms,2025-09-15,2025-10-06,2025-10-06,80,80,755.2,True,True,True
PO00688,SUP09,SKU0020,School Uniforms,2025-10-06,2025-10-27,2025-11-01,70,68,660.8,False,True,False
PO00689,SUP09,SKU0020,School Uniforms,2025-10-27,2025-11-17,2025-11-13,70,70,660.8,True,True,True
PO00690,SUP09,SKU0020,School Uniforms,2025-11-17,2025-12-08,2025-12-08,66,64,623.04,True,True,True
PO00691,SUP09,SKU0020,School Uniforms,2025-12-08,2025-12-29,2025-12-24,61,61,575.84,True,True,True
PO00692,SUP09,SKU0020,School Uniforms,2025-12-29,2026-01-19,2026-01-19,67,67,632.48,True,True,True
PO00693,SUP09,SKU0020,School Uniforms,2026-01-19,2026-02-09,2026-02-02,88,86,830.72,True,True,True
PO00694,SUP09,SKU0020,School Uniforms,2026-02-09,2026-03-02,2026-02-24,81,81,764.64,True,True,True
PO00695,SUP09,SKU0020,School Uniforms,2026-03-02,2026-03-23,2026-03-23,64,63,604.16,True,True,True
PO00696,SUP09,SKU0020,School Uniforms,2026-03-23,2026-04-13,2026-04-15,65,64,613.6,False,True,False
PO00697,SUP09,SKU0020,School Uniforms,2026-04-13,2026-05-04,2026-05-03,87,86,821.28,True,True,True
PO00698,SUP09,SKU0020,School Uniforms,2026-05-04,2026-05-25,2026-05-18,63,62,594.72,True,True,True
PO00699,SUP09,SKU0020,School Uniforms,2026-05-25,2026-06-15,2026-06-12,60,58,566.4,True,True,True
PO00700,SUP09,SKU0020,School Uniforms,2026-06-15,2026-07-06,2026-07-06,71,68,670.24,True,True,True
PO00701,SUP08,SKU0021,Sportswear,2024-07-01,2024-08-19,2024-08-19,55,55,774.95,True,True,True
PO00702,SUP08,SKU0021,Sportswear,2024-07-22,2024-09-09,2024-09-09,52,52,732.68,True,True,True
PO00703,SUP08,SKU0021,Sportswear,2024-08-12,2024-09-30,2024-09-29,70,69,986.3,True,True,True
PO00704,SUP08,SKU0021,Sportswear,2024-09-02,2024-10-21,2024-10-21,55,55,774.95,True,True,True
PO00705,SUP08,SKU0021,Sportswear,2024-09-23,2024-11-11,2024-11-11,68,68,958.12,True,True,True
PO00706,SUP08,SKU0021,Sportswear,2024-10-14,2024-12-02,2024-12-03,66,66,929.94,False,True,False
PO00707,SUP08,SKU0021,Sportswear,2024-11-04,2024-12-23,2024-12-16,70,70,986.3,True,True,True
PO00708,SUP08,SKU0021,Sportswear,2024-11-25,2025-01-13,2025-01-06,66,65,929.94,True,True,True
PO00709,SUP08,SKU0021,Sportswear,2024-12-16,2025-02-03,2025-02-02,48,47,676.32,True,True,True
PO00710,SUP08,SKU0021,Sportswear,2025-01-06,2025-02-24,2025-02-20,62,61,873.58,True,True,True
PO00711,SUP08,SKU0021,Sportswear,2025-01-27,2025-03-17,2025-03-17,54,54,760.86,True,True,True
PO00712,SUP08,SKU0021,Sportswear,2025-02-17,2025-04-07,2025-04-07,58,58,817.22,True,True,True
PO00713,SUP08,SKU0021,Sportswear,2025-03-10,2025-04-28,2025-04-28,58,58,817.22,True,True,True
PO00714,SUP08,SKU0021,Sportswear,2025-03-31,2025-05-19,2025-05-20,69,69,972.21,False,True,False
PO00715,SUP08,SKU0021,Sportswear,2025-04-21,2025-06-09,2025-06-06,60,59,845.4,True,True,True
PO00716,SUP08,SKU0021,Sportswear,2025-05-12,2025-06-30,2025-06-30,60,60,845.4,True,True,True
PO00717,SUP08,SKU0021,Sportswear,2025-06-02,2025-07-21,2025-07-21,61,61,859.49,True,True,True
PO00718,SUP08,SKU0021,Sportswear,2025-06-23,2025-08-11,2025-08-18,54,53,760.86,False,True,False
PO00719,SUP08,SKU0021,Sportswear,2025-07-14,2025-09-01,2025-08-29,71,70,1000.39,True,True,True
PO00720,SUP08,SKU0021,Sportswear,2025-08-04,2025-09-22,2025-09-23,60,60,845.4,False,True,False
PO00721,SUP08,SKU0021,Sportswear,2025-08-25,2025-10-13,2025-10-12,62,61,873.58,True,True,True
PO00722,SUP08,SKU0021,Sportswear,2025-09-15,2025-11-03,2025-11-03,50,49,704.5,True,True,True
PO00723,SUP08,SKU0021,Sportswear,2025-10-06,2025-11-24,2025-11-20,49,49,690.41,True,True,True
PO00724,SUP08,SKU0021,Sportswear,2025-10-27,2025-12-15,2025-12-15,49,48,690.41,True,True,True
PO00725,SUP08,SKU0021,Sportswear,2025-11-17,2026-01-05,2026-01-02,63,61,887.67,True,True,True
PO00726,SUP08,SKU0021,Sportswear,2025-12-08,2026-01-26,2026-01-27,69,69,972.21,False,True,False
PO00727,SUP08,SKU0021,Sportswear,2025-12-29,2026-02-16,2026-02-17,62,61,873.58,False,True,False
PO00728,SUP08,SKU0021,Sportswear,2026-01-19,2026-03-09,2026-03-05,51,51,718.59,True,True,True
PO00729,SUP08,SKU0021,Sportswear,2026-02-09,2026-03-30,2026-03-31,59,59,831.31,False,True,False
PO00730,SUP08,SKU0021,Sportswear,2026-03-02,2026-04-20,2026-04-14,50,49,704.5,True,True,True
PO00731,SUP08,SKU0021,Sportswear,2026-03-23,2026-05-11,2026-05-08,55,54,774.95,True,True,True
PO00732,SUP08,SKU0021,Sportswear,2026-04-13,2026-06-01,2026-05-27,57,57,803.13,True,True,True
PO00733,SUP08,SKU0021,Sportswear,2026-05-04,2026-06-22,2026-06-22,54,54,760.86,True,True,True
PO00734,SUP08,SKU0021,Sportswear,2026-05-25,2026-07-13,2026-07-11,48,48,676.32,True,True,True
PO00735,SUP08,SKU0021,Sportswear,2026-06-15,2026-08-03,2026-07-27,63,61,887.67,True,True,True
PO00736,SUP08,SKU0022,Sportswear,2024-07-01,2024-08-19,2024-08-19,82,81,1191.46,True,True,True
PO00737,SUP08,SKU0022,Sportswear,2024-07-22,2024-09-09,2024-09-15,69,69,1002.57,False,True,False
PO00738,SUP08,SKU0022,Sportswear,2024-08-12,2024-09-30,2024-09-26,68,66,988.04,True,True,True
PO00739,SUP08,SKU0022,Sportswear,2024-09-02,2024-10-21,2024-10-21,67,64,973.51,True,True,True
PO00740,SUP08,SKU0022,Sportswear,2024-09-23,2024-11-11,2024-11-11,67,66,973.51,True,True,True
PO00741,SUP08,SKU0022,Sportswear,2024-10-14,2024-12-02,2024-11-30,70,69,1017.1,True,True,True
PO00742,SUP08,SKU0022,Sportswear,2024-11-04,2024-12-23,2024-12-24,71,71,1031.63,False,True,False
PO00743,SUP08,SKU0022,Sportswear,2024-11-25,2025-01-13,2025-01-11,75,75,1089.75,True,True,True
PO00744,SUP08,SKU0022,Sportswear,2024-12-16,2025-02-03,2025-02-01,61,61,886.33,True,True,True
PO00745,SUP08,SKU0022,Sportswear,2025-01-06,2025-02-24,2025-02-27,89,89,1293.17,False,True,False
PO00746,SUP08,SKU0022,Sportswear,2025-01-27,2025-03-17,2025-03-17,76,75,1104.28,True,True,True
PO00747,SUP08,SKU0022,Sportswear,2025-02-17,2025-04-07,2025-04-04,75,73,1089.75,True,True,True
PO00748,SUP08,SKU0022,Sportswear,2025-03-10,2025-04-28,2025-04-25,78,77,1133.34,True,True,True
PO00749,SUP08,SKU0022,Sportswear,2025-03-31,2025-05-19,2025-05-15,85,84,1235.05,True,True,True
PO00750,SUP08,SKU0022,Sportswear,2025-04-21,2025-06-09,2025-06-10,76,76,1104.28,False,True,False
PO00751,SUP08,SKU0022,Sportswear,2025-05-12,2025-06-30,2025-06-30,79,77,1147.87,True,True,True
PO00752,SUP08,SKU0022,Sportswear,2025-06-02,2025-07-21,2025-07-25,70,68,1017.1,False,True,False
PO00753,SUP08,SKU0022,Sportswear,2025-06-23,2025-08-11,2025-08-10,62,61,900.86,True,True,True
PO00754,SUP08,SKU0022,Sportswear,2025-07-14,2025-09-01,2025-08-30,65,65,944.45,True,True,True
PO00755,SUP08,SKU0022,Sportswear,2025-08-04,2025-09-22,2025-09-17,81,81,1176.93,True,True,True
PO00756,SUP08,SKU0022,Sportswear,2025-08-25,2025-10-13,2025-10-10,68,66,988.04,True,True,True
PO00757,SUP08,SKU0022,Sportswear,2025-09-15,2025-11-03,2025-11-02,61,61,886.33,True,True,True
PO00758,SUP08,SKU0022,Sportswear,2025-10-06,2025-11-24,2025-11-23,88,88,1278.64,True,True,True
PO00759,SUP08,SKU0022,Sportswear,2025-10-27,2025-12-15,2025-12-17,74,72,1075.22,False,True,False
PO00760,SUP08,SKU0022,Sportswear,2025-11-17,2026-01-05,2026-01-05,75,75,1089.75,True,True,True
PO00761,SUP08,SKU0022,Sportswear,2025-12-08,2026-01-26,2026-01-17,86,84,1249.58,True,True,True
PO00762,SUP08,SKU0022,Sportswear,2025-12-29,2026-02-16,2026-02-15,71,71,1031.63,True,True,True
PO00763,SUP08,SKU0022,Sportswear,2026-01-19,2026-03-09,2026-03-10,68,67,988.04,False,True,False
PO00764,SUP08,SKU0022,Sportswear,2026-02-09,2026-03-30,2026-03-28,74,74,1075.22,True,True,True
PO00765,SUP08,SKU0022,Sportswear,2026-03-02,2026-04-20,2026-04-21,62,62,900.86,False,True,False
PO00766,SUP08,SKU0022,Sportswear,2026-03-23,2026-05-11,2026-04-30,67,65,973.51,True,True,True
PO00767,SUP08,SKU0022,Sportswear,2026-04-13,2026-06-01,2026-05-30,65,62,944.45,True,True,True
PO00768,SUP08,SKU0022,Sportswear,2026-05-04,2026-06-22,2026-06-22,77,77,1118.81,True,True,True
PO00769,SUP08,SKU0022,Sportswear,2026-05-25,2026-07-13,2026-07-13,64,64,929.92,True,True,True
PO00770,SUP08,SKU0022,Sportswear,2026-06-15,2026-08-03,2026-08-09,86,86,1249.58,False,True,False
PO00771,SUP08,SKU0023,Sportswear,2024-07-01,2024-08-19,2024-08-19,37,37,502.83,True,True,True
PO00772,SUP08,SKU0023,Sportswear,2024-07-22,2024-09-09,2024-09-07,49,49,665.91,True,True,True
PO00773,SUP08,SKU0023,Sportswear,2024-08-12,2024-09-30,2024-10-08,37,36,502.83,False,True,False
PO00774,SUP08,SKU0023,Sportswear,2024-09-02,2024-10-21,2024-10-19,37,36,502.83,True,True,True
PO00775,SUP08,SKU0023,Sportswear,2024-09-23,2024-11-11,2024-11-01,51,50,693.09,True,True,True
PO00776,SUP08,SKU0023,Sportswear,2024-10-14,2024-12-02,2024-11-30,43,43,584.37,True,True,True
PO00777,SUP08,SKU0023,Sportswear,2024-11-04,2024-12-23,2024-12-26,45,45,611.55,False,True,False
PO00778,SUP08,SKU0023,Sportswear,2024-11-25,2025-01-13,2025-01-13,50,50,679.5,True,True,True
PO00779,SUP08,SKU0023,Sportswear,2024-12-16,2025-02-03,2025-02-03,51,51,693.09,True,True,True
PO00780,SUP08,SKU0023,Sportswear,2025-01-06,2025-02-24,2025-02-24,40,40,543.6,True,True,True
PO00781,SUP08,SKU0023,Sportswear,2025-01-27,2025-03-17,2025-03-17,45,45,611.55,True,True,True
PO00782,SUP08,SKU0023,Sportswear,2025-02-17,2025-04-07,2025-04-07,41,39,557.19,True,True,True
PO00783,SUP08,SKU0023,Sportswear,2025-03-10,2025-04-28,2025-04-20,38,38,516.42,True,True,True
PO00784,SUP08,SKU0023,Sportswear,2025-03-31,2025-05-19,2025-05-21,38,37,516.42,False,True,False
PO00785,SUP08,SKU0023,Sportswear,2025-04-21,2025-06-09,2025-06-09,40,40,543.6,True,True,True
PO00786,SUP08,SKU0023,Sportswear,2025-05-12,2025-06-30,2025-06-30,36,36,489.24,True,True,True
PO00787,SUP08,SKU0023,Sportswear,2025-06-02,2025-07-21,2025-07-23,36,36,489.24,False,True,False
PO00788,SUP08,SKU0023,Sportswear,2025-06-23,2025-08-11,2025-08-10,46,44,625.14,True,True,True
PO00789,SUP08,SKU0023,Sportswear,2025-07-14,2025-09-01,2025-09-02,36,35,489.24,False,True,False
PO00790,SUP08,SKU0023,Sportswear,2025-08-04,2025-09-22,2025-09-19,40,40,543.6,True,True,True
PO00791,SUP08,SKU0023,Sportswear,2025-08-25,2025-10-13,2025-10-14,45,45,611.55,False,True,False
PO00792,SUP08,SKU0023,Sportswear,2025-09-15,2025-11-03,2025-11-03,49,48,665.91,True,True,True
PO00793,SUP08,SKU0023,Sportswear,2025-10-06,2025-11-24,2025-11-24,40,40,543.6,True,True,True
PO00794,SUP08,SKU0023,Sportswear,2025-10-27,2025-12-15,2025-12-19,41,41,557.19,False,True,False
PO00795,SUP08,SKU0023,Sportswear,2025-11-17,2026-01-05,2026-01-03,53,53,720.27,True,True,True
PO00796,SUP08,SKU0023,Sportswear,2025-12-08,2026-01-26,2026-01-30,44,44,597.96,False,True,False
PO00797,SUP08,SKU0023,Sportswear,2025-12-29,2026-02-16,2026-02-12,45,45,611.55,True,True,True
PO00798,SUP08,SKU0023,Sportswear,2026-01-19,2026-03-09,2026-03-08,38,38,516.42,True,True,True
PO00799,SUP08,SKU0023,Sportswear,2026-02-09,2026-03-30,2026-03-28,37,35,502.83,True,False,False
PO00800,SUP08,SKU0023,Sportswear,2026-03-02,2026-04-20,2026-04-17,37,37,502.83,True,True,True
PO00801,SUP08,SKU0023,Sportswear,2026-03-23,2026-05-11,2026-05-10,49,49,665.91,True,True,True
PO00802,SUP08,SKU0023,Sportswear,2026-04-13,2026-06-01,2026-05-30,46,46,625.14,True,True,True
PO00803,SUP08,SKU0023,Sportswear,2026-05-04,2026-06-22,2026-06-16,53,53,720.27,True,True,True
PO00804,SUP08,SKU0023,Sportswear,2026-05-25,2026-07-13,2026-07-12,43,41,584.37,True,True,True
PO00805,SUP08,SKU0023,Sportswear,2026-06-15,2026-08-03,2026-07-28,38,38,516.42,True,True,True
PO00806,SUP08,SKU0024,Sportswear,2024-07-01,2024-08-19,2024-08-14,44,43,573.76,True,True,True
PO00807,SUP08,SKU0024,Sportswear,2024-07-22,2024-09-09,2024-09-06,43,43,560.72,True,True,True
PO00808,SUP08,SKU0024,Sportswear,2024-08-12,2024-09-30,2024-10-02,47,47,612.88,False,True,False
PO00809,SUP08,SKU0024,Sportswear,2024-09-02,2024-10-21,2024-10-17,50,48,652.0,True,True,True
PO00810,SUP08,SKU0024,Sportswear,2024-09-23,2024-11-11,2024-11-09,40,38,521.6,True,True,True
PO00811,SUP08,SKU0024,Sportswear,2024-10-14,2024-12-02,2024-11-28,48,48,625.92,True,True,True
PO00812,SUP08,SKU0024,Sportswear,2024-11-04,2024-12-23,2024-12-17,39,39,508.56,True,True,True
PO00813,SUP08,SKU0024,Sportswear,2024-11-25,2025-01-13,2025-01-10,46,45,599.84,True,True,True
PO00814,SUP08,SKU0024,Sportswear,2024-12-16,2025-02-03,2025-01-25,44,42,573.76,True,True,True
PO00815,SUP08,SKU0024,Sportswear,2025-01-06,2025-02-24,2025-02-28,45,44,586.8,False,True,False
PO00816,SUP08,SKU0024,Sportswear,2025-01-27,2025-03-17,2025-03-19,38,38,495.52,False,True,False
PO00817,SUP08,SKU0024,Sportswear,2025-02-17,2025-04-07,2025-04-06,52,52,678.08,True,True,True
PO00818,SUP08,SKU0024,Sportswear,2025-03-10,2025-04-28,2025-04-30,37,36,482.48,False,True,False
PO00819,SUP08,SKU0024,Sportswear,2025-03-31,2025-05-19,2025-05-18,42,41,547.68,True,True,True
PO00820,SUP08,SKU0024,Sportswear,2025-04-21,2025-06-09,2025-06-03,37,36,482.48,True,True,True
PO00821,SUP08,SKU0024,Sportswear,2025-05-12,2025-06-30,2025-07-02,43,42,560.72,False,True,False
PO00822,SUP08,SKU0024,Sportswear,2025-06-02,2025-07-21,2025-07-21,51,50,665.04,True,True,True
PO00823,SUP08,SKU0024,Sportswear,2025-06-23,2025-08-11,2025-08-12,39,39,508.56,False,True,False
PO00824,SUP08,SKU0024,Sportswear,2025-07-14,2025-09-01,2025-08-30,36,36,469.44,True,True,True
PO00825,SUP08,SKU0024,Sportswear,2025-08-04,2025-09-22,2025-09-20,50,49,652.0,True,True,True
PO00826,SUP08,SKU0024,Sportswear,2025-08-25,2025-10-13,2025-10-10,52,51,678.08,True,True,True
PO00827,SUP08,SKU0024,Sportswear,2025-09-15,2025-11-03,2025-11-05,47,46,612.88,False,True,False
PO00828,SUP08,SKU0024,Sportswear,2025-10-06,2025-11-24,2025-11-17,38,37,495.52,True,True,True
PO00829,SUP08,SKU0024,Sportswear,2025-10-27,2025-12-15,2025-12-14,51,50,665.04,True,True,True
PO00830,SUP08,SKU0024,Sportswear,2025-11-17,2026-01-05,2026-01-02,45,44,586.8,True,True,True
PO00831,SUP08,SKU0024,Sportswear,2025-12-08,2026-01-26,2026-01-27,46,46,599.84,False,True,False
PO00832,SUP08,SKU0024,Sportswear,2025-12-29,2026-02-16,2026-02-14,52,52,678.08,True,True,True
PO00833,SUP08,SKU0024,Sportswear,2026-01-19,2026-03-09,2026-03-05,52,52,678.08,True,True,True
PO00834,SUP08,SKU0024,Sportswear,2026-02-09,2026-03-30,2026-03-30,47,47,612.88,True,True,True
PO00835,SUP08,SKU0024,Sportswear,2026-03-02,2026-04-20,2026-04-25,36,35,469.44,False,True,False
PO00836,SUP08,SKU0024,Sportswear,2026-03-23,2026-05-11,2026-05-10,50,49,652.0,True,True,True
PO00837,SUP08,SKU0024,Sportswear,2026-04-13,2026-06-01,2026-06-01,45,45,586.8,True,True,True
PO00838,SUP08,SKU0024,Sportswear,2026-05-04,2026-06-22,2026-06-21,42,42,547.68,True,True,True
PO00839,SUP08,SKU0024,Sportswear,2026-05-25,2026-07-13,2026-07-14,39,38,508.56,False,True,False
PO00840,SUP08,SKU0024,Sportswear,2026-06-15,2026-08-03,2026-08-09,45,44,586.8,False,True,False
PO00841,SUP08,SKU0025,Sportswear,2024-07-01,2024-08-19,2024-08-17,53,53,791.29,True,True,True
PO00842,SUP08,SKU0025,Sportswear,2024-07-22,2024-09-09,2024-09-09,36,36,537.48,True,True,True
PO00843,SUP08,SKU0025,Sportswear,2024-08-12,2024-09-30,2024-10-03,36,36,537.48,False,True,False
PO00844,SUP08,SKU0025,Sportswear,2024-09-02,2024-10-21,2024-10-21,49,49,731.57,True,True,True
PO00845,SUP08,SKU0025,Sportswear,2024-09-23,2024-11-11,2024-11-08,43,43,641.99,True,True,True
PO00846,SUP08,SKU0025,Sportswear,2024-10-14,2024-12-02,2024-12-03,47,47,701.71,False,True,False
PO00847,SUP08,SKU0025,Sportswear,2024-11-04,2024-12-23,2024-12-23,46,46,686.78,True,True,True
PO00848,SUP08,SKU0025,Sportswear,2024-11-25,2025-01-13,2025-01-07,45,44,671.85,True,True,True
PO00849,SUP08,SKU0025,Sportswear,2024-12-16,2025-02-03,2025-02-02,51,49,761.43,True,True,True
PO00850,SUP08,SKU0025,Sportswear,2025-01-06,2025-02-24,2025-02-25,37,37,552.41,False,True,False
PO00851,SUP08,SKU0025,Sportswear,2025-01-27,2025-03-17,2025-03-19,44,43,656.92,False,True,False
PO00852,SUP08,SKU0025,Sportswear,2025-02-17,2025-04-07,2025-04-07,44,44,656.92,True,True,True
PO00853,SUP08,SKU0025,Sportswear,2025-03-10,2025-04-28,2025-04-27,52,52,776.36,True,True,True
PO00854,SUP08,SKU0025,Sportswear,2025-03-31,2025-05-19,2025-05-13,52,52,776.36,True,True,True
PO00855,SUP08,SKU0025,Sportswear,2025-04-21,2025-06-09,2025-06-09,52,52,776.36,True,True,True
PO00856,SUP08,SKU0025,Sportswear,2025-05-12,2025-06-30,2025-07-01,48,47,716.64,False,True,False
PO00857,SUP08,SKU0025,Sportswear,2025-06-02,2025-07-21,2025-07-19,36,36,537.48,True,True,True
PO00858,SUP08,SKU0025,Sportswear,2025-06-23,2025-08-11,2025-08-11,40,39,597.2,True,True,True
PO00859,SUP08,SKU0025,Sportswear,2025-07-14,2025-09-01,2025-08-30,51,49,761.43,True,True,True
PO00860,SUP08,SKU0025,Sportswear,2025-08-04,2025-09-22,2025-09-20,49,47,731.57,True,True,True
PO00861,SUP08,SKU0025,Sportswear,2025-08-25,2025-10-13,2025-10-17,39,39,582.27,False,True,False
PO00862,SUP08,SKU0025,Sportswear,2025-09-15,2025-11-03,2025-11-03,52,52,776.36,True,True,True
PO00863,SUP08,SKU0025,Sportswear,2025-10-06,2025-11-24,2025-11-26,40,39,597.2,False,True,False
PO00864,SUP08,SKU0025,Sportswear,2025-10-27,2025-12-15,2025-12-15,43,41,641.99,True,True,True
PO00865,SUP08,SKU0025,Sportswear,2025-11-17,2026-01-05,2026-01-11,41,41,612.13,False,True,False
PO00866,SUP08,SKU0025,Sportswear,2025-12-08,2026-01-26,2026-01-26,44,44,656.92,True,True,True
PO00867,SUP08,SKU0025,Sportswear,2025-12-29,2026-02-16,2026-02-13,45,44,671.85,True,True,True
PO00868,SUP08,SKU0025,Sportswear,2026-01-19,2026-03-09,2026-03-12,39,38,582.27,False,True,False
PO00869,SUP08,SKU0025,Sportswear,2026-02-09,2026-03-30,2026-03-29,48,48,716.64,True,True,True
PO00870,SUP08,SKU0025,Sportswear,2026-03-02,2026-04-20,2026-04-22,51,51,761.43,False,True,False
PO00871,SUP08,SKU0025,Sportswear,2026-03-23,2026-05-11,2026-05-11,49,49,731.57,True,True,True
PO00872,SUP08,SKU0025,Sportswear,2026-04-13,2026-06-01,2026-06-07,51,51,761.43,False,True,False
PO00873,SUP08,SKU0025,Sportswear,2026-05-04,2026-06-22,2026-06-16,50,49,746.5,True,True,True
PO00874,SUP08,SKU0025,Sportswear,2026-05-25,2026-07-13,2026-07-13,52,50,776.36,True,True,True
PO00875,SUP08,SKU0025,Sportswear,2026-06-15,2026-08-03,2026-08-01,37,37,552.41,True,True,True
PO00876,SUP05,SKU0026,Footwear,2024-07-01,2024-09-02,2024-09-02,57,57,811.11,True,True,True
PO00877,SUP05,SKU0026,Footwear,2024-07-22,2024-09-23,2024-09-19,59,58,839.57,True,True,True
PO00878,SUP05,SKU0026,Footwear,2024-08-12,2024-10-14,2024-10-09,49,47,697.27,True,True,True
PO00879,SUP05,SKU0026,Footwear,2024-09-02,2024-11-04,2024-11-01,62,61,882.26,True,True,True
PO00880,SUP05,SKU0026,Footwear,2024-09-23,2024-11-25,2024-11-22,59,58,839.57,True,True,True
PO00881,SUP05,SKU0026,Footwear,2024-10-14,2024-12-16,2024-12-13,59,59,839.57,True,True,True
PO00882,SUP05,SKU0026,Footwear,2024-11-04,2025-01-06,2025-01-03,56,56,796.88,True,True,True
PO00883,SUP05,SKU0026,Footwear,2024-11-25,2025-01-27,2025-01-25,51,50,725.73,True,True,True
PO00884,SUP05,SKU0026,Footwear,2024-12-16,2025-02-17,2025-02-21,65,64,924.95,False,True,False
PO00885,SUP05,SKU0026,Footwear,2025-01-06,2025-03-10,2025-03-10,54,53,768.42,True,True,True
PO00886,SUP05,SKU0026,Footwear,2025-01-27,2025-03-31,2025-03-31,57,57,811.11,True,True,True
PO00887,SUP05,SKU0026,Footwear,2025-02-17,2025-04-21,2025-04-22,68,68,967.64,False,True,False
PO00888,SUP05,SKU0026,Footwear,2025-03-10,2025-05-12,2025-05-11,48,48,683.04,True,True,True
PO00889,SUP05,SKU0026,Footwear,2025-03-31,2025-06-02,2025-06-03,64,63,910.72,False,True,False
PO00890,SUP05,SKU0026,Footwear,2025-04-21,2025-06-23,2025-06-19,67,67,953.41,True,True,True
PO00891,SUP05,SKU0026,Footwear,2025-05-12,2025-07-14,2025-07-18,69,68,981.87,False,True,False
PO00892,SUP05,SKU0026,Footwear,2025-06-02,2025-08-04,2025-08-11,63,61,896.49,False,True,False
PO00893,SUP05,SKU0026,Footwear,2025-06-23,2025-08-25,2025-08-25,53,53,754.19,True,True,True
PO00894,SUP05,SKU0026,Footwear,2025-07-14,2025-09-15,2025-09-14,53,52,754.19,True,True,True
PO00895,SUP05,SKU0026,Footwear,2025-08-04,2025-10-06,2025-10-02,48,47,683.04,True,True,True
PO00896,SUP05,SKU0026,Footwear,2025-08-25,2025-10-27,2025-10-23,67,66,953.41,True,True,True
PO00897,SUP05,SKU0026,Footwear,2025-09-15,2025-11-17,2025-11-11,52,51,739.96,True,True,True
PO00898,SUP05,SKU0026,Footwear,2025-10-06,2025-12-08,2025-12-06,51,50,725.73,True,True,True
PO00899,SUP05,SKU0026,Footwear,2025-10-27,2025-12-29,2025-12-26,48,48,683.04,True,True,True
PO00900,SUP05,SKU0026,Footwear,2025-11-17,2026-01-19,2026-01-17,56,56,796.88,True,True,True
PO00901,SUP05,SKU0026,Footwear,2025-12-08,2026-02-09,2026-02-09,52,52,739.96,True,True,True
PO00902,SUP05,SKU0026,Footwear,2025-12-29,2026-03-02,2026-02-23,61,61,868.03,True,True,True
PO00903,SUP05,SKU0026,Footwear,2026-01-19,2026-03-23,2026-03-22,52,52,739.96,True,True,True
PO00904,SUP05,SKU0026,Footwear,2026-02-09,2026-04-13,2026-04-07,66,65,939.18,True,True,True
PO00905,SUP05,SKU0026,Footwear,2026-03-02,2026-05-04,2026-05-03,59,59,839.57,True,True,True
PO00906,SUP05,SKU0026,Footwear,2026-03-23,2026-05-25,2026-05-20,65,63,924.95,True,True,True
PO00907,SUP05,SKU0026,Footwear,2026-04-13,2026-06-15,2026-06-13,69,69,981.87,True,True,True
PO00908,SUP05,SKU0026,Footwear,2026-05-04,2026-07-06,2026-07-06,64,63,910.72,True,True,True
PO00909,SUP05,SKU0026,Footwear,2026-05-25,2026-07-27,2026-07-23,63,63,896.49,True,True,True
PO00910,SUP05,SKU0026,Footwear,2026-06-15,2026-08-17,2026-08-18,55,55,782.65,False,True,False
PO00911,SUP05,SKU0027,Footwear,2024-07-01,2024-09-02,2024-09-01,88,88,1378.96,True,True,True
PO00912,SUP05,SKU0027,Footwear,2024-07-22,2024-09-23,2024-09-23,107,106,1676.69,True,True,True
PO00913,SUP05,SKU0027,Footwear,2024-08-12,2024-10-14,2024-10-15,103,102,1614.01,False,True,False
PO00914,SUP05,SKU0027,Footwear,2024-09-02,2024-11-04,2024-11-03,84,83,1316.28,True,True,True
PO00915,SUP05,SKU0027,Footwear,2024-09-23,2024-11-25,2024-11-25,81,81,1269.27,True,True,True
PO00916,SUP05,SKU0027,Footwear,2024-10-14,2024-12-16,2024-12-16,75,75,1175.25,True,True,True
PO00917,SUP05,SKU0027,Footwear,2024-11-04,2025-01-06,2025-01-06,79,78,1237.93,True,True,True
PO00918,SUP05,SKU0027,Footwear,2024-11-25,2025-01-27,2025-01-23,91,90,1425.97,True,True,True
PO00919,SUP05,SKU0027,Footwear,2024-12-16,2025-02-17,2025-02-12,102,99,1598.34,True,True,True
PO00920,SUP05,SKU0027,Footwear,2025-01-06,2025-03-10,2025-03-15,107,105,1676.69,False,True,False
PO00921,SUP05,SKU0027,Footwear,2025-01-27,2025-03-31,2025-03-29,94,92,1472.98,True,True,True
PO00922,SUP05,SKU0027,Footwear,2025-02-17,2025-04-21,2025-04-28,99,99,1551.33,False,True,False
PO00923,SUP05,SKU0027,Footwear,2025-03-10,2025-05-12,2025-05-13,74,72,1159.58,False,True,False
PO00924,SUP05,SKU0027,Footwear,2025-03-31,2025-06-02,2025-06-04,80,80,1253.6,False,True,False
PO00925,SUP05,SKU0027,Footwear,2025-04-21,2025-06-23,2025-06-21,78,77,1222.26,True,True,True
PO00926,SUP05,SKU0027,Footwear,2025-05-12,2025-07-14,2025-07-10,103,103,1614.01,True,True,True
PO00927,SUP05,SKU0027,Footwear,2025-06-02,2025-08-04,2025-07-29,73,72,1143.91,True,True,True
PO00928,SUP05,SKU0027,Footwear,2025-06-23,2025-08-25,2025-08-20,93,93,1457.31,True,True,True
PO00929,SUP05,SKU0027,Footwear,2025-07-14,2025-09-15,2025-09-16,82,82,1284.94,False,True,False
PO00930,SUP05,SKU0027,Footwear,2025-08-04,2025-10-06,2025-09-30,106,104,1661.02,True,True,True
PO00931,SUP05,SKU0027,Footwear,2025-08-25,2025-10-27,2025-10-25,88,86,1378.96,True,True,True
PO00932,SUP05,SKU0027,Footwear,2025-09-15,2025-11-17,2025-11-22,98,98,1535.66,False,True,False
PO00933,SUP05,SKU0027,Footwear,2025-10-06,2025-12-08,2025-12-10,88,88,1378.96,False,True,False
PO00934,SUP05,SKU0027,Footwear,2025-10-27,2025-12-29,2025-12-28,95,93,1488.65,True,True,True
PO00935,SUP05,SKU0027,Footwear,2025-11-17,2026-01-19,2026-01-19,85,84,1331.95,True,True,True
PO00936,SUP05,SKU0027,Footwear,2025-12-08,2026-02-09,2026-02-05,87,87,1363.29,True,True,True
PO00937,SUP05,SKU0027,Footwear,2025-12-29,2026-03-02,2026-03-02,79,79,1237.93,True,True,True
PO00938,SUP05,SKU0027,Footwear,2026-01-19,2026-03-23,2026-03-23,74,73,1159.58,True,True,True
PO00939,SUP05,SKU0027,Footwear,2026-02-09,2026-04-13,2026-04-10,85,84,1331.95,True,True,True
PO00940,SUP05,SKU0027,Footwear,2026-03-02,2026-05-04,2026-05-03,83,81,1300.61,True,True,True
PO00941,SUP05,SKU0027,Footwear,2026-03-23,2026-05-25,2026-05-27,95,95,1488.65,False,True,False
PO00942,SUP05,SKU0027,Footwear,2026-04-13,2026-06-15,2026-06-14,86,86,1347.62,True,True,True
PO00943,SUP05,SKU0027,Footwear,2026-05-04,2026-07-06,2026-07-05,75,75,1175.25,True,True,True
PO00944,SUP05,SKU0027,Footwear,2026-05-25,2026-07-27,2026-07-23,86,84,1347.62,True,True,True
PO00945,SUP05,SKU0027,Footwear,2026-06-15,2026-08-17,2026-08-22,73,70,1143.91,False,True,False
PO00946,SUP05,SKU0028,Footwear,2024-07-01,2024-09-02,2024-08-28,72,71,1071.36,True,True,True
PO00947,SUP05,SKU0028,Footwear,2024-07-22,2024-09-23,2024-09-21,81,80,1205.28,True,True,True
PO00948,SUP05,SKU0028,Footwear,2024-08-12,2024-10-14,2024-10-12,72,70,1071.36,True,True,True
PO00949,SUP05,SKU0028,Footwear,2024-09-02,2024-11-04,2024-11-05,91,91,1354.08,False,True,False
PO00950,SUP05,SKU0028,Footwear,2024-09-23,2024-11-25,2024-11-25,79,79,1175.52,True,True,True
PO00951,SUP05,SKU0028,Footwear,2024-10-14,2024-12-16,2024-12-16,75,74,1116.0,True,True,True
PO00952,SUP05,SKU0028,Footwear,2024-11-04,2025-01-06,2025-01-11,107,103,1592.16,False,True,False
PO00953,SUP05,SKU0028,Footwear,2024-11-25,2025-01-27,2025-01-23,107,107,1592.16,True,True,True
PO00954,SUP05,SKU0028,Footwear,2024-12-16,2025-02-17,2025-02-13,79,79,1175.52,True,True,True
PO00955,SUP05,SKU0028,Footwear,2025-01-06,2025-03-10,2025-03-10,85,84,1264.8,True,True,True
PO00956,SUP05,SKU0028,Footwear,2025-01-27,2025-03-31,2025-03-31,107,106,1592.16,True,True,True
PO00957,SUP05,SKU0028,Footwear,2025-02-17,2025-04-21,2025-04-22,106,106,1577.28,False,True,False
PO00958,SUP05,SKU0028,Footwear,2025-03-10,2025-05-12,2025-05-08,92,90,1368.96,True,True,True
PO00959,SUP05,SKU0028,Footwear,2025-03-31,2025-06-02,2025-06-03,91,91,1354.08,False,True,False
PO00960,SUP05,SKU0028,Footwear,2025-04-21,2025-06-23,2025-06-27,77,77,1145.76,False,True,False
PO00961,SUP05,SKU0028,Footwear,2025-05-12,2025-07-14,2025-07-11,73,73,1086.24,True,True,True
PO00962,SUP05,SKU0028,Footwear,2025-06-02,2025-08-04,2025-08-04,72,71,1071.36,True,True,True
PO00963,SUP05,SKU0028,Footwear,2025-06-23,2025-08-25,2025-08-19,74,74,1101.12,True,True,True
PO00964,SUP05,SKU0028,Footwear,2025-07-14,2025-09-15,2025-09-24,93,91,1383.84,False,True,False
PO00965,SUP05,SKU0028,Footwear,2025-08-04,2025-10-06,2025-10-06,93,93,1383.84,True,True,True
PO00966,SUP05,SKU0028,Footwear,2025-08-25,2025-10-27,2025-10-28,103,99,1532.64,False,True,False
PO00967,SUP05,SKU0028,Footwear,2025-09-15,2025-11-17,2025-11-13,83,80,1235.04,True,True,True
PO00968,SUP05,SKU0028,Footwear,2025-10-06,2025-12-08,2025-11-30,72,70,1071.36,True,True,True
PO00969,SUP05,SKU0028,Footwear,2025-10-27,2025-12-29,2025-12-26,101,101,1502.88,True,True,True
PO00970,SUP05,SKU0028,Footwear,2025-11-17,2026-01-19,2026-01-21,87,87,1294.56,False,True,False
PO00971,SUP05,SKU0028,Footwear,2025-12-08,2026-02-09,2026-02-08,106,105,1577.28,True,True,True
PO00972,SUP05,SKU0028,Footwear,2025-12-29,2026-03-02,2026-03-02,99,97,1473.12,True,True,True
PO00973,SUP05,SKU0028,Footwear,2026-01-19,2026-03-23,2026-03-20,90,90,1339.2,True,True,True
PO00974,SUP05,SKU0028,Footwear,2026-02-09,2026-04-13,2026-04-10,72,71,1071.36,True,True,True
PO00975,SUP05,SKU0028,Footwear,2026-03-02,2026-05-04,2026-05-06,75,74,1116.0,False,True,False
PO00976,SUP05,SKU0028,Footwear,2026-03-23,2026-05-25,2026-05-26,91,89,1354.08,False,True,False
PO00977,SUP05,SKU0028,Footwear,2026-04-13,2026-06-15,2026-06-17,92,90,1368.96,False,True,False
PO00978,SUP05,SKU0028,Footwear,2026-05-04,2026-07-06,2026-07-06,95,95,1413.6,True,True,True
PO00979,SUP05,SKU0028,Footwear,2026-05-25,2026-07-27,2026-07-22,90,90,1339.2,True,True,True
PO00980,SUP05,SKU0028,Footwear,2026-06-15,2026-08-17,2026-08-22,97,96,1443.36,False,True,False
PO00981,SUP05,SKU0029,Footwear,2024-07-01,2024-09-02,2024-09-02,47,47,604.89,True,True,True
PO00982,SUP05,SKU0029,Footwear,2024-07-22,2024-09-23,2024-09-28,46,45,592.02,False,True,False
PO00983,SUP05,SKU0029,Footwear,2024-08-12,2024-10-14,2024-10-11,37,37,476.19,True,True,True
PO00984,SUP05,SKU0029,Footwear,2024-09-02,2024-11-04,2024-11-01,46,45,592.02,True,True,True
PO00985,SUP05,SKU0029,Footwear,2024-09-23,2024-11-25,2024-11-26,41,41,527.67,False,True,False
PO00986,SUP05,SKU0029,Footwear,2024-10-14,2024-12-16,2024-12-14,44,43,566.28,True,True,True
PO00987,SUP05,SKU0029,Footwear,2024-11-04,2025-01-06,2025-01-09,53,53,682.11,False,True,False
PO00988,SUP05,SKU0029,Footwear,2024-11-25,2025-01-27,2025-01-17,46,44,592.02,True,True,True
PO00989,SUP05,SKU0029,Footwear,2024-12-16,2025-02-17,2025-02-15,37,36,476.19,True,True,True
PO00990,SUP05,SKU0029,Footwear,2025-01-06,2025-03-10,2025-03-13,37,37,476.19,False,True,False
PO00991,SUP05,SKU0029,Footwear,2025-01-27,2025-03-31,2025-03-30,41,41,527.67,True,True,True
PO00992,SUP05,SKU0029,Footwear,2025-02-17,2025-04-21,2025-04-21,48,48,617.76,True,True,True
PO00993,SUP05,SKU0029,Footwear,2025-03-10,2025-05-12,2025-05-07,53,53,682.11,True,True,True
PO00994,SUP05,SKU0029,Footwear,2025-03-31,2025-06-02,2025-05-31,40,38,514.8,True,True,True
PO00995,SUP05,SKU0029,Footwear,2025-04-21,2025-06-23,2025-06-19,44,44,566.28,True,True,True
PO00996,SUP05,SKU0029,Footwear,2025-05-12,2025-07-14,2025-07-14,38,38,489.06,True,True,True
PO00997,SUP05,SKU0029,Footwear,2025-06-02,2025-08-04,2025-08-03,46,46,592.02,True,True,True
PO00998,SUP05,SKU0029,Footwear,2025-06-23,2025-08-25,2025-08-25,37,36,476.19,True,True,True
PO00999,SUP05,SKU0029,Footwear,2025-07-14,2025-09-15,2025-09-12,53,53,682.11,True,True,True
PO01000,SUP05,SKU0029,Footwear,2025-08-04,2025-10-06,2025-10-08,36,36,463.32,False,True,False
PO01001,SUP05,SKU0029,Footwear,2025-08-25,2025-10-27,2025-10-24,42,42,540.54,True,True,True
PO01002,SUP05,SKU0029,Footwear,2025-09-15,2025-11-17,2025-11-14,44,43,566.28,True,True,True
PO01003,SUP05,SKU0029,Footwear,2025-10-06,2025-12-08,2025-12-15,52,51,669.24,False,True,False
PO01004,SUP05,SKU0029,Footwear,2025-10-27,2025-12-29,2025-12-28,37,37,476.19,True,True,True
PO01005,SUP05,SKU0029,Footwear,2025-11-17,2026-01-19,2026-01-17,47,47,604.89,True,True,True
PO01006,SUP05,SKU0029,Footwear,2025-12-08,2026-02-09,2026-02-09,39,39,501.93,True,True,True
PO01007,SUP05,SKU0029,Footwear,2025-12-29,2026-03-02,2026-03-06,43,43,553.41,False,True,False
PO01008,SUP05,SKU0029,Footwear,2026-01-19,2026-03-23,2026-03-21,42,41,540.54,True,True,True
PO01009,SUP05,SKU0029,Footwear,2026-02-09,2026-04-13,2026-04-20,39,39,501.93,False,True,False
PO01010,SUP05,SKU0029,Footwear,2026-03-02,2026-05-04,2026-05-07,36,36,463.32,False,True,False
PO01011,SUP05,SKU0029,Footwear,2026-03-23,2026-05-25,2026-05-19,49,48,630.63,True,True,True
PO01012,SUP05,SKU0029,Footwear,2026-04-13,2026-06-15,2026-06-08,42,42,540.54,True,True,True
PO01013,SUP05,SKU0029,Footwear,2026-05-04,2026-07-06,2026-07-07,40,40,514.8,False,True,False
PO01014,SUP05,SKU0029,Footwear,2026-05-25,2026-07-27,2026-07-25,47,47,604.89,True,True,True
PO01015,SUP05,SKU0029,Footwear,2026-06-15,2026-08-17,2026-08-15,41,40,527.67,True,True,True
PO01016,SUP05,SKU0030,Footwear,2024-07-01,2024-09-02,2024-09-02,45,43,682.65,True,True,True
PO01017,SUP05,SKU0030,Footwear,2024-07-22,2024-09-23,2024-09-27,53,53,804.01,False,True,False
PO01018,SUP05,SKU0030,Footwear,2024-08-12,2024-10-14,2024-10-13,37,37,561.29,True,True,True
PO01019,SUP05,SKU0030,Footwear,2024-09-02,2024-11-04,2024-10-30,53,52,804.01,True,True,True
PO01020,SUP05,SKU0030,Footwear,2024-09-23,2024-11-25,2024-11-24,49,49,743.33,True,True,True
PO01021,SUP05,SKU0030,Footwear,2024-10-14,2024-12-16,2024-12-16,41,41,621.97,True,True,True
PO01022,SUP05,SKU0030,Footwear,2024-11-04,2025-01-06,2025-01-06,52,51,788.84,True,True,True
PO01023,SUP05,SKU0030,Footwear,2024-11-25,2025-01-27,2025-01-26,48,48,728.16,True,True,True
PO01024,SUP05,SKU0030,Footwear,2024-12-16,2025-02-17,2025-02-13,47,46,712.99,True,True,True
PO01025,SUP05,SKU0030,Footwear,2025-01-06,2025-03-10,2025-03-08,40,40,606.8,True,True,True
PO01026,SUP05,SKU0030,Footwear,2025-01-27,2025-03-31,2025-04-02,41,41,621.97,False,True,False
PO01027,SUP05,SKU0030,Footwear,2025-02-17,2025-04-21,2025-04-17,39,38,591.63,True,True,True
PO01028,SUP05,SKU0030,Footwear,2025-03-10,2025-05-12,2025-05-10,38,37,576.46,True,True,True
PO01029,SUP05,SKU0030,Footwear,2025-03-31,2025-06-02,2025-05-31,43,42,652.31,True,True,True
PO01030,SUP05,SKU0030,Footwear,2025-04-21,2025-06-23,2025-06-26,36,36,546.12,False,True,False
PO01031,SUP05,SKU0030,Footwear,2025-05-12,2025-07-14,2025-07-14,51,50,773.67,True,True,True
PO01032,SUP05,SKU0030,Footwear,2025-06-02,2025-08-04,2025-08-04,42,42,637.14,True,True,True
PO01033,SUP05,SKU0030,Footwear,2025-06-23,2025-08-25,2025-08-22,53,53,804.01,True,True,True
PO01034,SUP05,SKU0030,Footwear,2025-07-14,2025-09-15,2025-09-09,47,47,712.99,True,True,True
PO01035,SUP05,SKU0030,Footwear,2025-08-04,2025-10-06,2025-10-02,51,50,773.67,True,True,True
PO01036,SUP05,SKU0030,Footwear,2025-08-25,2025-10-27,2025-10-22,46,46,697.82,True,True,True
PO01037,SUP05,SKU0030,Footwear,2025-09-15,2025-11-17,2025-11-13,39,39,591.63,True,True,True
PO01038,SUP05,SKU0030,Footwear,2025-10-06,2025-12-08,2025-12-06,37,37,561.29,True,True,True
PO01039,SUP05,SKU0030,Footwear,2025-10-27,2025-12-29,2025-12-25,53,53,804.01,True,True,True
PO01040,SUP05,SKU0030,Footwear,2025-11-17,2026-01-19,2026-01-22,48,47,728.16,False,True,False
PO01041,SUP05,SKU0030,Footwear,2025-12-08,2026-02-09,2026-02-06,37,37,561.29,True,True,True
PO01042,SUP05,SKU0030,Footwear,2025-12-29,2026-03-02,2026-03-05,46,45,697.82,False,True,False
PO01043,SUP05,SKU0030,Footwear,2026-01-19,2026-03-23,2026-03-24,48,47,728.16,False,True,False
PO01044,SUP05,SKU0030,Footwear,2026-02-09,2026-04-13,2026-04-14,36,36,546.12,False,True,False
PO01045,SUP05,SKU0030,Footwear,2026-03-02,2026-05-04,2026-05-04,36,36,546.12,True,True,True
PO01046,SUP05,SKU0030,Footwear,2026-03-23,2026-05-25,2026-05-20,40,39,606.8,True,True,True
PO01047,SUP05,SKU0030,Footwear,2026-04-13,2026-06-15,2026-06-18,37,37,561.29,False,True,False
PO01048,SUP05,SKU0030,Footwear,2026-05-04,2026-07-06,2026-07-06,51,51,773.67,True,True,True
PO01049,SUP05,SKU0030,Footwear,2026-05-25,2026-07-27,2026-07-26,39,38,591.63,True,True,True
PO01050,SUP05,SKU0030,Footwear,2026-06-15,2026-08-17,2026-08-17,48,48,728.16,True,True,True
PO01051,SUP06,SKU0031,Home & Textiles,2024-07-01,2024-07-29,2024-07-29,61,61,441.03,True,True,True
PO01052,SUP06,SKU0031,Home & Textiles,2024-07-22,2024-08-19,2024-08-18,70,70,506.1,True,True,True
PO01053,SUP06,SKU0031,Home & Textiles,2024-08-12,2024-09-09,2024-09-09,70,70,506.1,True,True,True
PO01054,SUP06,SKU0031,Home & Textiles,2024-09-02,2024-09-30,2024-09-30,58,57,419.34,True,True,True
PO01055,SUP06,SKU0031,Home & Textiles,2024-09-23,2024-10-21,2024-10-17,50,50,361.5,True,True,True
PO01056,SUP06,SKU0031,Home & Textiles,2024-10-14,2024-11-11,2024-11-11,64,64,462.72,True,True,True
PO01057,SUP06,SKU0031,Home & Textiles,2024-11-04,2024-12-02,2024-12-11,51,50,368.73,False,True,False
PO01058,SUP06,SKU0031,Home & Textiles,2024-11-25,2024-12-23,2024-12-21,54,54,390.42,True,True,True
PO01059,SUP06,SKU0031,Home & Textiles,2024-12-16,2025-01-13,2025-01-12,67,67,484.41,True,True,True
PO01060,SUP06,SKU0031,Home & Textiles,2025-01-06,2025-02-03,2025-02-03,51,50,368.73,True,True,True
PO01061,SUP06,SKU0031,Home & Textiles,2025-01-27,2025-02-24,2025-02-23,52,51,375.96,True,True,True
PO01062,SUP06,SKU0031,Home & Textiles,2025-02-17,2025-03-17,2025-03-25,58,57,419.34,False,True,False
PO01063,SUP06,SKU0031,Home & Textiles,2025-03-10,2025-04-07,2025-04-04,50,49,361.5,True,True,True
PO01064,SUP06,SKU0031,Home & Textiles,2025-03-31,2025-04-28,2025-04-28,70,70,506.1,True,True,True
PO01065,SUP06,SKU0031,Home & Textiles,2025-04-21,2025-05-19,2025-05-19,55,54,397.65,True,True,True
PO01066,SUP06,SKU0031,Home & Textiles,2025-05-12,2025-06-09,2025-06-05,70,68,506.1,True,True,True
PO01067,SUP06,SKU0031,Home & Textiles,2025-06-02,2025-06-30,2025-07-01,61,61,441.03,False,True,False
PO01068,SUP06,SKU0031,Home & Textiles,2025-06-23,2025-07-21,2025-07-22,69,66,498.87,False,True,False
PO01069,SUP06,SKU0031,Home & Textiles,2025-07-14,2025-08-11,2025-08-11,61,61,441.03,True,True,True
PO01070,SUP06,SKU0031,Home & Textiles,2025-08-04,2025-09-01,2025-08-28,48,46,347.04,True,True,True
PO01071,SUP06,SKU0031,Home & Textiles,2025-08-25,2025-09-22,2025-09-22,55,55,397.65,True,True,True
PO01072,SUP06,SKU0031,Home & Textiles,2025-09-15,2025-10-13,2025-10-09,49,48,354.27,True,True,True
PO01073,SUP06,SKU0031,Home & Textiles,2025-10-06,2025-11-03,2025-10-29,59,57,426.57,True,True,True
PO01074,SUP06,SKU0031,Home & Textiles,2025-10-27,2025-11-24,2025-11-24,52,51,375.96,True,True,True
PO01075,SUP06,SKU0031,Home & Textiles,2025-11-17,2025-12-15,2025-12-17,51,49,368.73,False,True,False
PO01076,SUP06,SKU0031,Home & Textiles,2025-12-08,2026-01-05,2026-01-07,63,62,455.49,False,True,False
PO01077,SUP06,SKU0031,Home & Textiles,2025-12-29,2026-01-26,2026-01-29,67,66,484.41,False,True,False
PO01078,SUP06,SKU0031,Home & Textiles,2026-01-19,2026-02-16,2026-02-16,55,54,397.65,True,True,True
PO01079,SUP06,SKU0031,Home & Textiles,2026-02-09,2026-03-09,2026-03-09,48,48,347.04,True,True,True
PO01080,SUP06,SKU0031,Home & Textiles,2026-03-02,2026-03-30,2026-03-30,52,51,375.96,True,True,True
PO01081,SUP06,SKU0031,Home & Textiles,2026-03-23,2026-04-20,2026-04-16,58,58,419.34,True,True,True
PO01082,SUP06,SKU0031,Home & Textiles,2026-04-13,2026-05-11,2026-05-06,56,56,404.88,True,True,True
PO01083,SUP06,SKU0031,Home & Textiles,2026-05-04,2026-06-01,2026-06-03,59,59,426.57,False,True,False
PO01084,SUP06,SKU0031,Home & Textiles,2026-05-25,2026-06-22,2026-06-16,66,64,477.18,True,True,True
PO01085,SUP06,SKU0031,Home & Textiles,2026-06-15,2026-07-13,2026-07-10,48,47,347.04,True,True,True
PO01086,SUP06,SKU0032,Home & Textiles,2024-07-01,2024-07-29,2024-07-30,40,39,314.8,False,True,False
PO01087,SUP06,SKU0032,Home & Textiles,2024-07-22,2024-08-19,2024-08-23,36,35,283.32,False,True,False
PO01088,SUP06,SKU0032,Home & Textiles,2024-08-12,2024-09-09,2024-09-07,52,52,409.24,True,True,True
PO01089,SUP06,SKU0032,Home & Textiles,2024-09-02,2024-09-30,2024-10-01,47,47,369.89,False,True,False
PO01090,SUP06,SKU0032,Home & Textiles,2024-09-23,2024-10-21,2024-10-23,49,48,385.63,False,True,False
PO01091,SUP06,SKU0032,Home & Textiles,2024-10-14,2024-11-11,2024-11-11,41,41,322.67,True,True,True
PO01092,SUP06,SKU0032,Home & Textiles,2024-11-04,2024-12-02,2024-11-29,48,47,377.76,True,True,True
PO01093,SUP06,SKU0032,Home & Textiles,2024-11-25,2024-12-23,2024-12-23,51,51,401.37,True,True,True
PO01094,SUP06,SKU0032,Home & Textiles,2024-12-16,2025-01-13,2025-01-08,45,45,354.15,True,True,True
PO01095,SUP06,SKU0032,Home & Textiles,2025-01-06,2025-02-03,2025-02-03,40,39,314.8,True,True,True
PO01096,SUP06,SKU0032,Home & Textiles,2025-01-27,2025-02-24,2025-02-20,42,41,330.54,True,True,True
PO01097,SUP06,SKU0032,Home & Textiles,2025-02-17,2025-03-17,2025-03-13,51,51,401.37,True,True,True
PO01098,SUP06,SKU0032,Home & Textiles,2025-03-10,2025-04-07,2025-04-05,42,42,330.54,True,True,True
PO01099,SUP06,SKU0032,Home & Textiles,2025-03-31,2025-04-28,2025-04-27,37,36,291.19,True,True,True
PO01100,SUP06,SKU0032,Home & Textiles,2025-04-21,2025-05-19,2025-05-21,50,49,393.5,False,True,False
PO01101,SUP06,SKU0032,Home & Textiles,2025-05-12,2025-06-09,2025-06-07,43,41,338.41,True,True,True
PO01102,SUP06,SKU0032,Home & Textiles,2025-06-02,2025-06-30,2025-07-02,36,35,283.32,False,True,False
PO01103,SUP06,SKU0032,Home & Textiles,2025-06-23,2025-07-21,2025-07-19,42,42,330.54,True,True,True
PO01104,SUP06,SKU0032,Home & Textiles,2025-07-14,2025-08-11,2025-08-09,48,48,377.76,True,True,True
PO01105,SUP06,SKU0032,Home & Textiles,2025-08-04,2025-09-01,2025-09-03,42,41,330.54,False,True,False
PO01106,SUP06,SKU0032,Home & Textiles,2025-08-25,2025-09-22,2025-09-20,41,40,322.67,True,True,True
PO01107,SUP06,SKU0032,Home & Textiles,2025-09-15,2025-10-13,2025-10-13,47,46,369.89,True,True,True
PO01108,SUP06,SKU0032,Home & Textiles,2025-10-06,2025-11-03,2025-10-31,52,52,409.24,True,True,True
PO01109,SUP06,SKU0032,Home & Textiles,2025-10-27,2025-11-24,2025-11-23,38,37,299.06,True,True,True
PO01110,SUP06,SKU0032,Home & Textiles,2025-11-17,2025-12-15,2025-12-15,36,36,283.32,True,True,True
PO01111,SUP06,SKU0032,Home & Textiles,2025-12-08,2026-01-05,2026-01-07,53,53,417.11,False,True,False
PO01112,SUP06,SKU0032,Home & Textiles,2025-12-29,2026-01-26,2026-01-26,52,52,409.24,True,True,True
PO01113,SUP06,SKU0032,Home & Textiles,2026-01-19,2026-02-16,2026-02-14,48,47,377.76,True,True,True
PO01114,SUP06,SKU0032,Home & Textiles,2026-02-09,2026-03-09,2026-03-08,43,43,338.41,True,True,True
PO01115,SUP06,SKU0032,Home & Textiles,2026-03-02,2026-03-30,2026-04-01,48,47,377.76,False,True,False
PO01116,SUP06,SKU0032,Home & Textiles,2026-03-23,2026-04-20,2026-04-22,49,49,385.63,False,True,False
PO01117,SUP06,SKU0032,Home & Textiles,2026-04-13,2026-05-11,2026-05-09,37,37,291.19,True,True,True
PO01118,SUP06,SKU0032,Home & Textiles,2026-05-04,2026-06-01,2026-06-03,37,37,291.19,False,True,False
PO01119,SUP06,SKU0032,Home & Textiles,2026-05-25,2026-06-22,2026-06-22,52,51,409.24,True,True,True
PO01120,SUP06,SKU0032,Home & Textiles,2026-06-15,2026-07-13,2026-07-13,45,45,354.15,True,True,True
PO01121,SUP06,SKU0033,Home & Textiles,2024-07-01,2024-07-29,2024-07-27,25,25,195.25,True,True,True
PO01122,SUP06,SKU0033,Home & Textiles,2024-07-22,2024-08-19,2024-08-18,30,30,234.3,True,True,True
PO01123,SUP06,SKU0033,Home & Textiles,2024-08-12,2024-09-09,2024-09-03,26,26,203.06,True,True,True
PO01124,SUP06,SKU0033,Home & Textiles,2024-09-02,2024-09-30,2024-10-04,24,24,187.44,False,True,False
PO01125,SUP06,SKU0033,Home & Textiles,2024-09-23,2024-10-21,2024-10-20,28,28,218.68,True,True,True
PO01126,SUP06,SKU0033,Home & Textiles,2024-10-14,2024-11-11,2024-11-11,25,24,195.25,True,True,True
PO01127,SUP06,SKU0033,Home & Textiles,2024-11-04,2024-12-02,2024-12-02,34,34,265.54,True,True,True
PO01128,SUP06,SKU0033,Home & Textiles,2024-11-25,2024-12-23,2024-12-21,30,28,234.3,True,False,False
PO01129,SUP06,SKU0033,Home & Textiles,2024-12-16,2025-01-13,2025-01-16,26,26,203.06,False,True,False
PO01130,SUP06,SKU0033,Home & Textiles,2025-01-06,2025-02-03,2025-02-03,27,27,210.87,True,True,True
PO01131,SUP06,SKU0033,Home & Textiles,2025-01-27,2025-02-24,2025-02-24,31,30,242.11,True,True,True
PO01132,SUP06,SKU0033,Home & Textiles,2025-02-17,2025-03-17,2025-03-12,24,24,187.44,True,True,True
PO01133,SUP06,SKU0033,Home & Textiles,2025-03-10,2025-04-07,2025-04-07,28,28,218.68,True,True,True
PO01134,SUP06,SKU0033,Home & Textiles,2025-03-31,2025-04-28,2025-04-22,27,26,210.87,True,True,True
PO01135,SUP06,SKU0033,Home & Textiles,2025-04-21,2025-05-19,2025-05-18,30,29,234.3,True,True,True
PO01136,SUP06,SKU0033,Home & Textiles,2025-05-12,2025-06-09,2025-06-08,35,34,273.35,True,True,True
PO01137,SUP06,SKU0033,Home & Textiles,2025-06-02,2025-06-30,2025-06-30,34,34,265.54,True,True,True
PO01138,SUP06,SKU0033,Home & Textiles,2025-06-23,2025-07-21,2025-07-18,29,29,226.49,True,True,True
PO01139,SUP06,SKU0033,Home & Textiles,2025-07-14,2025-08-11,2025-08-10,27,27,210.87,True,True,True
PO01140,SUP06,SKU0033,Home & Textiles,2025-08-04,2025-09-01,2025-08-30,31,30,242.11,True,True,True
PO01141,SUP06,SKU0033,Home & Textiles,2025-08-25,2025-09-22,2025-09-19,35,34,273.35,True,True,True
PO01142,SUP06,SKU0033,Home & Textiles,2025-09-15,2025-10-13,2025-10-14,30,29,234.3,False,True,False
PO01143,SUP06,SKU0033,Home & Textiles,2025-10-06,2025-11-03,2025-10-27,29,28,226.49,True,True,True
PO01144,SUP06,SKU0033,Home & Textiles,2025-10-27,2025-11-24,2025-11-25,35,34,273.35,False,True,False
PO01145,SUP06,SKU0033,Home & Textiles,2025-11-17,2025-12-15,2025-12-09,32,31,249.92,True,True,True
PO01146,SUP06,SKU0033,Home & Textiles,2025-12-08,2026-01-05,2026-01-09,32,32,249.92,False,True,False
PO01147,SUP06,SKU0033,Home & Textiles,2025-12-29,2026-01-26,2026-01-20,29,29,226.49,True,True,True
PO01148,SUP06,SKU0033,Home & Textiles,2026-01-19,2026-02-16,2026-02-08,34,34,265.54,True,True,True
PO01149,SUP06,SKU0033,Home & Textiles,2026-02-09,2026-03-09,2026-03-05,33,33,257.73,True,True,True
PO01150,SUP06,SKU0033,Home & Textiles,2026-03-02,2026-03-30,2026-04-01,28,28,218.68,False,True,False
PO01151,SUP06,SKU0033,Home & Textiles,2026-03-23,2026-04-20,2026-04-20,30,30,234.3,True,True,True
PO01152,SUP06,SKU0033,Home & Textiles,2026-04-13,2026-05-11,2026-05-07,32,32,249.92,True,True,True
PO01153,SUP06,SKU0033,Home & Textiles,2026-05-04,2026-06-01,2026-06-01,33,33,257.73,True,True,True
PO01154,SUP06,SKU0033,Home & Textiles,2026-05-25,2026-06-22,2026-06-23,35,34,273.35,False,True,False
PO01155,SUP06,SKU0033,Home & Textiles,2026-06-15,2026-07-13,2026-07-11,35,35,273.35,True,True,True
PO01156,SUP06,SKU0034,Home & Textiles,2024-07-01,2024-07-29,2024-07-29,62,61,588.38,True,True,True
PO01157,SUP06,SKU0034,Home & Textiles,2024-07-22,2024-08-19,2024-08-18,66,66,626.34,True,True,True
PO01158,SUP06,SKU0034,Home & Textiles,2024-08-12,2024-09-09,2024-09-09,50,50,474.5,True,True,True
PO01159,SUP06,SKU0034,Home & Textiles,2024-09-02,2024-09-30,2024-10-02,58,57,550.42,False,True,False
PO01160,SUP06,SKU0034,Home & Textiles,2024-09-23,2024-10-21,2024-10-23,68,67,645.32,False,True,False
PO01161,SUP06,SKU0034,Home & Textiles,2024-10-14,2024-11-11,2024-11-05,48,48,455.52,True,True,True
PO01162,SUP06,SKU0034,Home & Textiles,2024-11-04,2024-12-02,2024-12-03,64,64,607.36,False,True,False
PO01163,SUP06,SKU0034,Home & Textiles,2024-11-25,2024-12-23,2024-12-23,62,61,588.38,True,True,True
PO01164,SUP06,SKU0034,Home & Textiles,2024-12-16,2025-01-13,2025-01-14,69,68,654.81,False,True,False
PO01165,SUP06,SKU0034,Home & Textiles,2025-01-06,2025-02-03,2025-01-29,53,51,502.97,True,True,True
PO01166,SUP06,SKU0034,Home & Textiles,2025-01-27,2025-02-24,2025-03-02,59,59,559.91,False,True,False
PO01167,SUP06,SKU0034,Home & Textiles,2025-02-17,2025-03-17,2025-03-20,68,68,645.32,False,True,False
PO01168,SUP06,SKU0034,Home & Textiles,2025-03-10,2025-04-07,2025-04-05,56,56,531.44,True,True,True
PO01169,SUP06,SKU0034,Home & Textiles,2025-03-31,2025-04-28,2025-04-23,67,67,635.83,True,True,True
PO01170,SUP06,SKU0034,Home & Textiles,2025-04-21,2025-05-19,2025-05-18,62,62,588.38,True,True,True
PO01171,SUP06,SKU0034,Home & Textiles,2025-05-12,2025-06-09,2025-06-07,60,60,569.4,True,True,True
PO01172,SUP06,SKU0034,Home & Textiles,2025-06-02,2025-06-30,2025-07-03,71,71,673.79,False,True,False
PO01173,SUP06,SKU0034,Home & Textiles,2025-06-23,2025-07-21,2025-07-22,59,59,559.91,False,True,False
PO01174,SUP06,SKU0034,Home & Textiles,2025-07-14,2025-08-11,2025-08-10,66,64,626.34,True,True,True
PO01175,SUP06,SKU0034,Home & Textiles,2025-08-04,2025-09-01,2025-08-31,58,58,550.42,True,True,True
PO01176,SUP06,SKU0034,Home & Textiles,2025-08-25,2025-09-22,2025-09-21,67,67,635.83,True,True,True
PO01177,SUP06,SKU0034,Home & Textiles,2025-09-15,2025-10-13,2025-10-12,49,49,465.01,True,True,True
PO01178,SUP06,SKU0034,Home & Textiles,2025-10-06,2025-11-03,2025-11-06,57,57,540.93,False,True,False
PO01179,SUP06,SKU0034,Home & Textiles,2025-10-27,2025-11-24,2025-11-24,67,67,635.83,True,True,True
PO01180,SUP06,SKU0034,Home & Textiles,2025-11-17,2025-12-15,2025-12-15,66,66,626.34,True,True,True
PO01181,SUP06,SKU0034,Home & Textiles,2025-12-08,2026-01-05,2026-01-05,55,53,521.95,True,True,True
PO01182,SUP06,SKU0034,Home & Textiles,2025-12-29,2026-01-26,2026-01-28,49,49,465.01,False,True,False
PO01183,SUP06,SKU0034,Home & Textiles,2026-01-19,2026-02-16,2026-02-16,58,57,550.42,True,True,True
PO01184,SUP06,SKU0034,Home & Textiles,2026-02-09,2026-03-09,2026-03-10,60,59,569.4,False,True,False
PO01185,SUP06,SKU0034,Home & Textiles,2026-03-02,2026-03-30,2026-03-28,48,46,455.52,True,True,True
PO01186,SUP06,SKU0034,Home & Textiles,2026-03-23,2026-04-20,2026-04-24,52,52,493.48,False,True,False
PO01187,SUP06,SKU0034,Home & Textiles,2026-04-13,2026-05-11,2026-05-05,55,54,521.95,True,True,True
PO01188,SUP06,SKU0034,Home & Textiles,2026-05-04,2026-06-01,2026-05-31,62,62,588.38,True,True,True
PO01189,SUP06,SKU0034,Home & Textiles,2026-05-25,2026-06-22,2026-06-22,51,49,483.99,True,True,True
PO01190,SUP06,SKU0034,Home & Textiles,2026-06-15,2026-07-13,2026-07-11,62,62,588.38,True,True,True
PO01191,SUP06,SKU0035,Home & Textiles,2024-07-01,2024-07-29,2024-07-29,85,85,640.9,True,True,True
PO01192,SUP06,SKU0035,Home & Textiles,2024-07-22,2024-08-19,2024-08-19,86,85,648.44,True,True,True
PO01193,SUP06,SKU0035,Home & Textiles,2024-08-12,2024-09-09,2024-09-13,65,65,490.1,False,True,False
PO01194,SUP06,SKU0035,Home & Textiles,2024-09-02,2024-09-30,2024-09-30,77,75,580.58,True,True,True
PO01195,SUP06,SKU0035,Home & Textiles,2024-09-23,2024-10-21,2024-10-23,61,59,459.94,False,True,False
PO01196,SUP06,SKU0035,Home & Textiles,2024-10-14,2024-11-11,2024-11-10,84,83,633.36,True,True,True
PO01197,SUP06,SKU0035,Home & Textiles,2024-11-04,2024-12-02,2024-12-03,60,59,452.4,False,True,False
PO01198,SUP06,SKU0035,Home & Textiles,2024-11-25,2024-12-23,2024-12-23,61,59,459.94,True,True,True
PO01199,SUP06,SKU0035,Home & Textiles,2024-12-16,2025-01-13,2025-01-16,71,71,535.34,False,True,False
PO01200,SUP06,SKU0035,Home & Textiles,2025-01-06,2025-02-03,2025-01-29,68,68,512.72,True,True,True
PO01201,SUP06,SKU0035,Home & Textiles,2025-01-27,2025-02-24,2025-02-25,66,66,497.64,False,True,False
PO01202,SUP06,SKU0035,Home & Textiles,2025-02-17,2025-03-17,2025-03-16,64,63,482.56,True,True,True
PO01203,SUP06,SKU0035,Home & Textiles,2025-03-10,2025-04-07,2025-04-07,66,66,497.64,True,True,True
PO01204,SUP06,SKU0035,Home & Textiles,2025-03-31,2025-04-28,2025-04-23,80,80,603.2,True,True,True
PO01205,SUP06,SKU0035,Home & Textiles,2025-04-21,2025-05-19,2025-05-19,66,65,497.64,True,True,True
PO01206,SUP06,SKU0035,Home & Textiles,2025-05-12,2025-06-09,2025-06-15,77,75,580.58,False,True,False
PO01207,SUP06,SKU0035,Home & Textiles,2025-06-02,2025-06-30,2025-06-27,68,67,512.72,True,True,True
PO01208,SUP06,SKU0035,Home & Textiles,2025-06-23,2025-07-21,2025-07-24,86,86,648.44,False,True,False
PO01209,SUP06,SKU0035,Home & Textiles,2025-07-14,2025-08-11,2025-08-09,68,68,512.72,True,True,True
PO01210,SUP06,SKU0035,Home & Textiles,2025-08-04,2025-09-01,2025-08-30,65,63,490.1,True,True,True
PO01211,SUP06,SKU0035,Home & Textiles,2025-08-25,2025-09-22,2025-09-24,65,65,490.1,False,True,False
PO01212,SUP06,SKU0035,Home & Textiles,2025-09-15,2025-10-13,2025-10-17,88,87,663.52,False,True,False
PO01213,SUP06,SKU0035,Home & Textiles,2025-10-06,2025-11-03,2025-10-28,61,61,459.94,True,True,True
PO01214,SUP06,SKU0035,Home & Textiles,2025-10-27,2025-11-24,2025-11-23,76,76,573.04,True,True,True
PO01215,SUP06,SKU0035,Home & Textiles,2025-11-17,2025-12-15,2025-12-12,68,67,512.72,True,True,True
PO01216,SUP06,SKU0035,Home & Textiles,2025-12-08,2026-01-05,2026-01-05,72,69,542.88,True,True,True
PO01217,SUP06,SKU0035,Home & Textiles,2025-12-29,2026-01-26,2026-01-29,77,75,580.58,False,True,False
PO01218,SUP06,SKU0035,Home & Textiles,2026-01-19,2026-02-16,2026-02-15,64,64,482.56,True,True,True
PO01219,SUP06,SKU0035,Home & Textiles,2026-02-09,2026-03-09,2026-03-05,73,73,550.42,True,True,True
PO01220,SUP06,SKU0035,Home & Textiles,2026-03-02,2026-03-30,2026-04-05,82,81,618.28,False,True,False
PO01221,SUP06,SKU0035,Home & Textiles,2026-03-23,2026-04-20,2026-04-23,85,85,640.9,False,True,False
PO01222,SUP06,SKU0035,Home & Textiles,2026-04-13,2026-05-11,2026-05-14,84,82,633.36,False,True,False
PO01223,SUP06,SKU0035,Home & Textiles,2026-05-04,2026-06-01,2026-05-31,79,77,595.66,True,True,True
PO01224,SUP06,SKU0035,Home & Textiles,2026-05-25,2026-06-22,2026-06-25,72,72,542.88,False,True,False
PO01225,SUP06,SKU0035,Home & Textiles,2026-06-15,2026-07-13,2026-07-07,88,88,663.52,True,True,True
PO01226,SUP07,SKU0036,Accessories,2024-07-01,2024-08-12,2024-08-09,82,81,360.8,True,True,True
PO01227,SUP07,SKU0036,Accessories,2024-07-22,2024-09-02,2024-09-05,77,76,338.8,False,True,False
PO01228,SUP07,SKU0036,Accessories,2024-08-12,2024-09-23,2024-09-23,89,89,391.6,True,True,True
PO01229,SUP07,SKU0036,Accessories,2024-09-02,2024-10-14,2024-10-15,83,83,365.2,False,True,False
PO01230,SUP07,SKU0036,Accessories,2024-09-23,2024-11-04,2024-11-04,65,64,286.0,True,True,True
PO01231,SUP07,SKU0036,Accessories,2024-10-14,2024-11-25,2024-11-21,62,61,272.8,True,True,True
PO01232,SUP07,SKU0036,Accessories,2024-11-04,2024-12-16,2024-12-16,86,85,378.4,True,True,True
PO01233,SUP07,SKU0036,Accessories,2024-11-25,2025-01-06,2025-01-05,62,60,272.8,True,True,True
PO01234,SUP07,SKU0036,Accessories,2024-12-16,2025-01-27,2025-01-23,82,79,360.8,True,True,True
PO01235,SUP07,SKU0036,Accessories,2025-01-06,2025-02-17,2025-02-17,67,67,294.8,True,True,True
PO01236,SUP07,SKU0036,Accessories,2025-01-27,2025-03-10,2025-03-03,64,62,281.6,True,True,True
PO01237,SUP07,SKU0036,Accessories,2025-02-17,2025-03-31,2025-03-27,62,62,272.8,True,True,True
PO01238,SUP07,SKU0036,Accessories,2025-03-10,2025-04-21,2025-04-21,83,81,365.2,True,True,True
PO01239,SUP07,SKU0036,Accessories,2025-03-31,2025-05-12,2025-05-12,79,78,347.6,True,True,True
PO01240,SUP07,SKU0036,Accessories,2025-04-21,2025-06-02,2025-06-02,88,86,387.2,True,True,True
PO01241,SUP07,SKU0036,Accessories,2025-05-12,2025-06-23,2025-07-01,83,83,365.2,False,True,False
PO01242,SUP07,SKU0036,Accessories,2025-06-02,2025-07-14,2025-07-13,62,60,272.8,True,True,True
PO01243,SUP07,SKU0036,Accessories,2025-06-23,2025-08-04,2025-08-07,62,61,272.8,False,True,False
PO01244,SUP07,SKU0036,Accessories,2025-07-14,2025-08-25,2025-08-24,66,64,290.4,True,True,True
PO01245,SUP07,SKU0036,Accessories,2025-08-04,2025-09-15,2025-09-14,88,86,387.2,True,True,True
PO01246,SUP07,SKU0036,Accessories,2025-08-25,2025-10-06,2025-10-03,80,80,352.0,True,True,True
PO01247,SUP07,SKU0036,Accessories,2025-09-15,2025-10-27,2025-10-26,60,60,264.0,True,True,True
PO01248,SUP07,SKU0036,Accessories,2025-10-06,2025-11-17,2025-11-16,79,79,347.6,True,True,True
PO01249,SUP07,SKU0036,Accessories,2025-10-27,2025-12-08,2025-12-07,72,71,316.8,True,True,True
PO01250,SUP07,SKU0036,Accessories,2025-11-17,2025-12-29,2025-12-25,66,66,290.4,True,True,True
PO01251,SUP07,SKU0036,Accessories,2025-12-08,2026-01-19,2026-01-19,60,60,264.0,True,True,True
PO01252,SUP07,SKU0036,Accessories,2025-12-29,2026-02-09,2026-02-10,78,78,343.2,False,True,False
PO01253,SUP07,SKU0036,Accessories,2026-01-19,2026-03-02,2026-03-01,77,77,338.8,True,True,True
PO01254,SUP07,SKU0036,Accessories,2026-02-09,2026-03-23,2026-03-24,61,61,268.4,False,True,False
PO01255,SUP07,SKU0036,Accessories,2026-03-02,2026-04-13,2026-04-10,72,72,316.8,True,True,True
PO01256,SUP07,SKU0036,Accessories,2026-03-23,2026-05-04,2026-05-02,85,84,374.0,True,True,True
PO01257,SUP07,SKU0036,Accessories,2026-04-13,2026-05-25,2026-05-23,76,76,334.4,True,True,True
PO01258,SUP07,SKU0036,Accessories,2026-05-04,2026-06-15,2026-06-13,76,73,334.4,True,True,True
PO01259,SUP07,SKU0036,Accessories,2026-05-25,2026-07-06,2026-06-30,88,88,387.2,True,True,True
PO01260,SUP07,SKU0036,Accessories,2026-06-15,2026-07-27,2026-07-25,78,75,343.2,True,True,True
PO01261,SUP07,SKU0037,Accessories,2024-07-01,2024-08-12,2024-08-09,96,96,338.88,True,True,True
PO01262,SUP07,SKU0037,Accessories,2024-07-22,2024-09-02,2024-08-30,85,84,300.05,True,True,True
PO01263,SUP07,SKU0037,Accessories,2024-08-12,2024-09-23,2024-09-22,112,110,395.36,True,True,True
PO01264,SUP07,SKU0037,Accessories,2024-09-02,2024-10-14,2024-10-13,109,106,384.77,True,True,True
PO01265,SUP07,SKU0037,Accessories,2024-09-23,2024-11-04,2024-10-28,113,111,398.89,True,True,True
PO01266,SUP07,SKU0037,Accessories,2024-10-14,2024-11-25,2024-11-25,101,101,356.53,True,True,True
PO01267,SUP07,SKU0037,Accessories,2024-11-04,2024-12-16,2024-12-19,100,100,353.0,False,True,False
PO01268,SUP07,SKU0037,Accessories,2024-11-25,2025-01-06,2025-01-08,117,117,413.01,False,True,False
PO01269,SUP07,SKU0037,Accessories,2024-12-16,2025-01-27,2025-01-22,87,87,307.11,True,True,True
PO01270,SUP07,SKU0037,Accessories,2025-01-06,2025-02-17,2025-02-19,112,109,395.36,False,True,False
PO01271,SUP07,SKU0037,Accessories,2025-01-27,2025-03-10,2025-03-10,97,96,342.41,True,True,True
PO01272,SUP07,SKU0037,Accessories,2025-02-17,2025-03-31,2025-03-31,110,106,388.3,True,True,True
PO01273,SUP07,SKU0037,Accessories,2025-03-10,2025-04-21,2025-04-24,92,92,324.76,False,True,False
PO01274,SUP07,SKU0037,Accessories,2025-03-31,2025-05-12,2025-05-10,125,124,441.25,True,True,True
PO01275,SUP07,SKU0037,Accessories,2025-04-21,2025-06-02,2025-05-31,124,122,437.72,True,True,True
PO01276,SUP07,SKU0037,Accessories,2025-05-12,2025-06-23,2025-06-21,114,114,402.42,True,True,True
PO01277,SUP07,SKU0037,Accessories,2025-06-02,2025-07-14,2025-07-13,103,99,363.59,True,True,True
PO01278,SUP07,SKU0037,Accessories,2025-06-23,2025-08-04,2025-08-05,119,118,420.07,False,True,False
PO01279,SUP07,SKU0037,Accessories,2025-07-14,2025-08-25,2025-08-22,89,88,314.17,True,True,True
PO01280,SUP07,SKU0037,Accessories,2025-08-04,2025-09-15,2025-09-17,105,100,370.65,False,True,False
PO01281,SUP07,SKU0037,Accessories,2025-08-25,2025-10-06,2025-10-06,97,96,342.41,True,True,True
PO01282,SUP07,SKU0037,Accessories,2025-09-15,2025-10-27,2025-10-27,92,91,324.76,True,True,True
PO01283,SUP07,SKU0037,Accessories,2025-10-06,2025-11-17,2025-11-16,113,113,398.89,True,True,True
PO01284,SUP07,SKU0037,Accessories,2025-10-27,2025-12-08,2025-12-07,118,117,416.54,True,True,True
PO01285,SUP07,SKU0037,Accessories,2025-11-17,2025-12-29,2025-12-27,118,118,416.54,True,True,True
PO01286,SUP07,SKU0037,Accessories,2025-12-08,2026-01-19,2026-01-18,120,118,423.6,True,True,True
PO01287,SUP07,SKU0037,Accessories,2025-12-29,2026-02-09,2026-02-08,96,96,338.88,True,True,True
PO01288,SUP07,SKU0037,Accessories,2026-01-19,2026-03-02,2026-03-02,111,108,391.83,True,True,True
PO01289,SUP07,SKU0037,Accessories,2026-02-09,2026-03-23,2026-03-29,120,118,423.6,False,True,False
PO01290,SUP07,SKU0037,Accessories,2026-03-02,2026-04-13,2026-04-17,92,91,324.76,False,True,False
PO01291,SUP07,SKU0037,Accessories,2026-03-23,2026-05-04,2026-05-03,118,116,416.54,True,True,True
PO01292,SUP07,SKU0037,Accessories,2026-04-13,2026-05-25,2026-05-20,106,105,374.18,True,True,True
PO01293,SUP07,SKU0037,Accessories,2026-05-04,2026-06-15,2026-06-20,85,84,300.05,False,True,False
PO01294,SUP07,SKU0037,Accessories,2026-05-25,2026-07-06,2026-07-05,98,98,345.94,True,True,True
PO01295,SUP07,SKU0037,Accessories,2026-06-15,2026-07-27,2026-07-24,87,87,307.11,True,True,True
PO01296,SUP07,SKU0038,Accessories,2024-07-01,2024-08-12,2024-08-07,65,64,239.2,True,True,True
PO01297,SUP07,SKU0038,Accessories,2024-07-22,2024-09-02,2024-08-26,86,84,316.48,True,True,True
PO01298,SUP07,SKU0038,Accessories,2024-08-12,2024-09-23,2024-09-21,86,86,316.48,True,True,True
PO01299,SUP07,SKU0038,Accessories,2024-09-02,2024-10-14,2024-10-15,88,86,323.84,False,True,False
PO01300,SUP07,SKU0038,Accessories,2024-09-23,2024-11-04,2024-10-28,62,60,228.16,True,True,True
PO01301,SUP07,SKU0038,Accessories,2024-10-14,2024-11-25,2024-11-29,88,88,323.84,False,True,False
PO01302,SUP07,SKU0038,Accessories,2024-11-04,2024-12-16,2024-12-16,69,67,253.92,True,True,True
PO01303,SUP07,SKU0038,Accessories,2024-11-25,2025-01-06,2025-01-01,68,66,250.24,True,True,True
PO01304,SUP07,SKU0038,Accessories,2024-12-16,2025-01-27,2025-01-25,74,72,272.32,True,True,True
PO01305,SUP07,SKU0038,Accessories,2025-01-06,2025-02-17,2025-02-12,64,64,235.52,True,True,True
PO01306,SUP07,SKU0038,Accessories,2025-01-27,2025-03-10,2025-03-13,75,75,276.0,False,True,False
PO01307,SUP07,SKU0038,Accessories,2025-02-17,2025-03-31,2025-03-28,66,65,242.88,True,True,True
PO01308,SUP07,SKU0038,Accessories,2025-03-10,2025-04-21,2025-04-19,74,73,272.32,True,True,True
PO01309,SUP07,SKU0038,Accessories,2025-03-31,2025-05-12,2025-05-07,73,71,268.64,True,True,True
PO01310,SUP07,SKU0038,Accessories,2025-04-21,2025-06-02,2025-05-29,71,71,261.28,True,True,True
PO01311,SUP07,SKU0038,Accessories,2025-05-12,2025-06-23,2025-06-18,74,74,272.32,True,True,True
PO01312,SUP07,SKU0038,Accessories,2025-06-02,2025-07-14,2025-07-14,89,89,327.52,True,True,True
PO01313,SUP07,SKU0038,Accessories,2025-06-23,2025-08-04,2025-07-29,69,68,253.92,True,True,True
PO01314,SUP07,SKU0038,Accessories,2025-07-14,2025-08-25,2025-09-01,62,60,228.16,False,True,False
PO01315,SUP07,SKU0038,Accessories,2025-08-04,2025-09-15,2025-09-11,65,63,239.2,True,True,True
PO01316,SUP07,SKU0038,Accessories,2025-08-25,2025-10-06,2025-10-13,85,84,312.8,False,True,False
PO01317,SUP07,SKU0038,Accessories,2025-09-15,2025-10-27,2025-10-19,65,64,239.2,True,True,True
PO01318,SUP07,SKU0038,Accessories,2025-10-06,2025-11-17,2025-11-14,64,64,235.52,True,True,True
PO01319,SUP07,SKU0038,Accessories,2025-10-27,2025-12-08,2025-12-08,65,64,239.2,True,True,True
PO01320,SUP07,SKU0038,Accessories,2025-11-17,2025-12-29,2025-12-30,76,75,279.68,False,True,False
PO01321,SUP07,SKU0038,Accessories,2025-12-08,2026-01-19,2026-01-20,73,71,268.64,False,True,False
PO01322,SUP07,SKU0038,Accessories,2025-12-29,2026-02-09,2026-02-06,66,64,242.88,True,True,True
PO01323,SUP07,SKU0038,Accessories,2026-01-19,2026-03-02,2026-03-02,87,87,320.16,True,True,True
PO01324,SUP07,SKU0038,Accessories,2026-02-09,2026-03-23,2026-03-23,79,79,290.72,True,True,True
PO01325,SUP07,SKU0038,Accessories,2026-03-02,2026-04-13,2026-04-13,87,87,320.16,True,True,True
PO01326,SUP07,SKU0038,Accessories,2026-03-23,2026-05-04,2026-05-02,79,77,290.72,True,True,True
PO01327,SUP07,SKU0038,Accessories,2026-04-13,2026-05-25,2026-05-28,69,68,253.92,False,True,False
PO01328,SUP07,SKU0038,Accessories,2026-05-04,2026-06-15,2026-06-08,84,83,309.12,True,True,True
PO01329,SUP07,SKU0038,Accessories,2026-05-25,2026-07-06,2026-07-03,64,64,235.52,True,True,True
PO01330,SUP07,SKU0038,Accessories,2026-06-15,2026-07-27,2026-07-25,67,66,246.56,True,True,True
PO01331,SUP07,SKU0039,Accessories,2024-07-01,2024-08-12,2024-08-09,114,114,416.1,True,True,True
PO01332,SUP07,SKU0039,Accessories,2024-07-22,2024-09-02,2024-08-30,106,106,386.9,True,True,True
PO01333,SUP07,SKU0039,Accessories,2024-08-12,2024-09-23,2024-09-23,119,117,434.35,True,True,True
PO01334,SUP07,SKU0039,Accessories,2024-09-02,2024-10-14,2024-10-11,100,98,365.0,True,True,True
PO01335,SUP07,SKU0039,Accessories,2024-09-23,2024-11-04,2024-11-01,113,110,412.45,True,True,True
PO01336,SUP07,SKU0039,Accessories,2024-10-14,2024-11-25,2024-11-25,88,87,321.2,True,True,True
PO01337,SUP07,SKU0039,Accessories,2024-11-04,2024-12-16,2024-12-13,113,112,412.45,True,True,True
PO01338,SUP07,SKU0039,Accessories,2024-11-25,2025-01-06,2025-01-05,100,100,365.0,True,True,True
PO01339,SUP07,SKU0039,Accessories,2024-12-16,2025-01-27,2025-01-27,91,90,332.15,True,True,True
PO01340,SUP07,SKU0039,Accessories,2025-01-06,2025-02-17,2025-02-12,111,109,405.15,True,True,True
PO01341,SUP07,SKU0039,Accessories,2025-01-27,2025-03-10,2025-03-06,102,102,372.3,True,True,True
PO01342,SUP07,SKU0039,Accessories,2025-02-17,2025-03-31,2025-03-27,114,113,416.1,True,True,True
PO01343,SUP07,SKU0039,Accessories,2025-03-10,2025-04-21,2025-04-19,122,120,445.3,True,True,True
PO01344,SUP07,SKU0039,Accessories,2025-03-31,2025-05-12,2025-05-09,87,87,317.55,True,True,True
PO01345,SUP07,SKU0039,Accessories,2025-04-21,2025-06-02,2025-05-30,116,113,423.4,True,True,True
PO01346,SUP07,SKU0039,Accessories,2025-05-12,2025-06-23,2025-06-25,93,92,339.45,False,True,False
PO01347,SUP07,SKU0039,Accessories,2025-06-02,2025-07-14,2025-07-18,110,108,401.5,False,True,False
PO01348,SUP07,SKU0039,Accessories,2025-06-23,2025-08-04,2025-08-04,96,94,350.4,True,True,True
PO01349,SUP07,SKU0039,Accessories,2025-07-14,2025-08-25,2025-08-25,96,95,350.4,True,True,True
PO01350,SUP07,SKU0039,Accessories,2025-08-04,2025-09-15,2025-09-20,113,112,412.45,False,True,False
PO01351,SUP07,SKU0039,Accessories,2025-08-25,2025-10-06,2025-10-10,105,105,383.25,False,True,False
PO01352,SUP07,SKU0039,Accessories,2025-09-15,2025-10-27,2025-10-27,116,115,423.4,True,True,True
PO01353,SUP07,SKU0039,Accessories,2025-10-06,2025-11-17,2025-11-12,95,92,346.75,True,True,True
PO01354,SUP07,SKU0039,Accessories,2025-10-27,2025-12-08,2025-12-04,97,95,354.05,True,True,True
PO01355,SUP07,SKU0039,Accessories,2025-11-17,2025-12-29,2025-12-28,117,116,427.05,True,True,True
PO01356,SUP07,SKU0039,Accessories,2025-12-08,2026-01-19,2026-01-17,125,125,456.25,True,True,True
PO01357,SUP07,SKU0039,Accessories,2025-12-29,2026-02-09,2026-02-06,104,103,379.6,True,True,True
PO01358,SUP07,SKU0039,Accessories,2026-01-19,2026-03-02,2026-03-01,114,112,416.1,True,True,True
PO01359,SUP07,SKU0039,Accessories,2026-02-09,2026-03-23,2026-03-23,105,104,383.25,True,True,True
PO01360,SUP07,SKU0039,Accessories,2026-03-02,2026-04-13,2026-04-07,105,102,383.25,True,True,True
PO01361,SUP07,SKU0039,Accessories,2026-03-23,2026-05-04,2026-05-03,117,115,427.05,True,True,True
PO01362,SUP07,SKU0039,Accessories,2026-04-13,2026-05-25,2026-05-25,85,85,310.25,True,True,True
PO01363,SUP07,SKU0039,Accessories,2026-05-04,2026-06-15,2026-06-15,94,92,343.1,True,True,True
PO01364,SUP07,SKU0039,Accessories,2026-05-25,2026-07-06,2026-07-06,102,102,372.3,True,True,True
PO01365,SUP07,SKU0039,Accessories,2026-06-15,2026-07-27,2026-07-28,103,102,375.95,False,True,False
PO01366,SUP07,SKU0040,Accessories,2024-07-01,2024-08-12,2024-08-14,87,85,383.67,False,True,False
PO01367,SUP07,SKU0040,Accessories,2024-07-22,2024-09-02,2024-09-02,66,66,291.06,True,True,True
PO01368,SUP07,SKU0040,Accessories,2024-08-12,2024-09-23,2024-09-22,85,84,374.85,True,True,True
PO01369,SUP07,SKU0040,Accessories,2024-09-02,2024-10-14,2024-10-13,67,66,295.47,True,True,True
PO01370,SUP07,SKU0040,Accessories,2024-09-23,2024-11-04,2024-11-07,76,74,335.16,False,True,False
PO01371,SUP07,SKU0040,Accessories,2024-10-14,2024-11-25,2024-11-15,81,80,357.21,True,True,True
PO01372,SUP07,SKU0040,Accessories,2024-11-04,2024-12-16,2024-12-14,83,83,366.03,True,True,True
PO01373,SUP07,SKU0040,Accessories,2024-11-25,2025-01-06,2025-01-06,89,88,392.49,True,True,True
PO01374,SUP07,SKU0040,Accessories,2024-12-16,2025-01-27,2025-01-26,81,79,357.21,True,True,True
PO01375,SUP07,SKU0040,Accessories,2025-01-06,2025-02-17,2025-02-15,74,74,326.34,True,True,True
PO01376,SUP07,SKU0040,Accessories,2025-01-27,2025-03-10,2025-03-10,63,62,277.83,True,True,True
PO01377,SUP07,SKU0040,Accessories,2025-02-17,2025-03-31,2025-03-31,74,71,326.34,True,True,True
PO01378,SUP07,SKU0040,Accessories,2025-03-10,2025-04-21,2025-04-22,76,76,335.16,False,True,False
PO01379,SUP07,SKU0040,Accessories,2025-03-31,2025-05-12,2025-05-12,75,74,330.75,True,True,True
PO01380,SUP07,SKU0040,Accessories,2025-04-21,2025-06-02,2025-06-07,65,64,286.65,False,True,False
PO01381,SUP07,SKU0040,Accessories,2025-05-12,2025-06-23,2025-06-14,84,84,370.44,True,True,True
PO01382,SUP07,SKU0040,Accessories,2025-06-02,2025-07-14,2025-07-14,82,82,361.62,True,True,True
PO01383,SUP07,SKU0040,Accessories,2025-06-23,2025-08-04,2025-08-01,61,61,269.01,True,True,True
PO01384,SUP07,SKU0040,Accessories,2025-07-14,2025-08-25,2025-08-22,80,80,352.8,True,True,True
PO01385,SUP07,SKU0040,Accessories,2025-08-04,2025-09-15,2025-09-12,63,62,277.83,True,True,True
PO01386,SUP07,SKU0040,Accessories,2025-08-25,2025-10-06,2025-10-07,80,78,352.8,False,True,False
PO01387,SUP07,SKU0040,Accessories,2025-09-15,2025-10-27,2025-10-28,80,79,352.8,False,True,False
PO01388,SUP07,SKU0040,Accessories,2025-10-06,2025-11-17,2025-11-15,70,69,308.7,True,True,True
PO01389,SUP07,SKU0040,Accessories,2025-10-27,2025-12-08,2025-12-10,86,84,379.26,False,True,False
PO01390,SUP07,SKU0040,Accessories,2025-11-17,2025-12-29,2025-12-28,76,74,335.16,True,True,True
PO01391,SUP07,SKU0040,Accessories,2025-12-08,2026-01-19,2026-01-22,60,60,264.6,False,True,False
PO01392,SUP07,SKU0040,Accessories,2025-12-29,2026-02-09,2026-02-09,62,61,273.42,True,True,True
PO01393,SUP07,SKU0040,Accessories,2026-01-19,2026-03-02,2026-03-01,86,86,379.26,True,True,True
PO01394,SUP07,SKU0040,Accessories,2026-02-09,2026-03-23,2026-03-26,83,80,366.03,False,True,False
PO01395,SUP07,SKU0040,Accessories,2026-03-02,2026-04-13,2026-04-18,75,74,330.75,False,True,False
PO01396,SUP07,SKU0040,Accessories,2026-03-23,2026-05-04,2026-05-02,85,85,374.85,True,True,True
PO01397,SUP07,SKU0040,Accessories,2026-04-13,2026-05-25,2026-05-22,84,82,370.44,True,True,True
PO01398,SUP07,SKU0040,Accessories,2026-05-04,2026-06-15,2026-06-15,65,65,286.65,True,True,True
PO01399,SUP07,SKU0040,Accessories,2026-05-25,2026-07-06,2026-07-06,62,60,273.42,True,True,True
PO01400,SUP07,SKU0040,Accessories,2026-06-15,2026-07-27,2026-07-27,88,85,388.08,True,True,True
